<annotation>
	<folder></folder>
	<filename>20220213_131140_jpg.rf.2e59baca3114ce13fe1aeea349b342ba.jpg</filename>
	<path>20220213_131140_jpg.rf.2e59baca3114ce13fe1aeea349b342ba.jpg</path>
	<source>
		<database>roboflow.ai</database>
	</source>
	<size>
		<width>416</width>
		<height>416</height>
		<depth>3</depth>
	</size>
	<segmented>0</segmented>
	<object>
		<name>Bootlegger</name>
		<pose>Unspecified</pose>
		<truncated>0</truncated>
		<difficult>0</difficult>
		<occluded>0</occluded>
		<bndbox>
			<xmin>5</xmin>
			<xmax>269</xmax>
			<ymin>2</ymin>
			<ymax>382</ymax>
		</bndbox>
	</object>
</annotation>
