<annotation>
	<folder></folder>
	<filename>20220213_131107_jpg.rf.0896f3f3a187f2836abdd3174f1d1cb2.jpg</filename>
	<path>20220213_131107_jpg.rf.0896f3f3a187f2836abdd3174f1d1cb2.jpg</path>
	<source>
		<database>roboflow.ai</database>
	</source>
	<size>
		<width>416</width>
		<height>416</height>
		<depth>3</depth>
	</size>
	<segmented>0</segmented>
	<object>
		<name>Bootlegger</name>
		<pose>Unspecified</pose>
		<truncated>0</truncated>
		<difficult>0</difficult>
		<occluded>0</occluded>
		<bndbox>
			<xmin>66</xmin>
			<xmax>302</xmax>
			<ymin>11</ymin>
			<ymax>416</ymax>
		</bndbox>
	</object>
</annotation>
