<annotation>
	<folder></folder>
	<filename>20220213_110255-0-_jpg.rf.bc840c8723ce7c36048efe1dfd8b6210.jpg</filename>
	<path>20220213_110255-0-_jpg.rf.bc840c8723ce7c36048efe1dfd8b6210.jpg</path>
	<source>
		<database>roboflow.ai</database>
	</source>
	<size>
		<width>416</width>
		<height>416</height>
		<depth>3</depth>
	</size>
	<segmented>0</segmented>
	<object>
		<name>Bootlegger</name>
		<pose>Unspecified</pose>
		<truncated>0</truncated>
		<difficult>0</difficult>
		<occluded>0</occluded>
		<bndbox>
			<xmin>272</xmin>
			<xmax>416</xmax>
			<ymin>110</ymin>
			<ymax>346</ymax>
		</bndbox>
	</object>
	<object>
		<name>G-man</name>
		<pose>Unspecified</pose>
		<truncated>0</truncated>
		<difficult>0</difficult>
		<occluded>0</occluded>
		<bndbox>
			<xmin>1</xmin>
			<xmax>199</xmax>
			<ymin>174</ymin>
			<ymax>363</ymax>
		</bndbox>
	</object>
</annotation>
