<annotation>
	<folder></folder>
	<filename>20220213_110358_jpg.rf.0cc7c1deecf6df57cca7a7d5fbbe83c1.jpg</filename>
	<path>20220213_110358_jpg.rf.0cc7c1deecf6df57cca7a7d5fbbe83c1.jpg</path>
	<source>
		<database>roboflow.ai</database>
	</source>
	<size>
		<width>416</width>
		<height>416</height>
		<depth>3</depth>
	</size>
	<segmented>0</segmented>
	<object>
		<name>Bootlegger</name>
		<pose>Unspecified</pose>
		<truncated>0</truncated>
		<difficult>0</difficult>
		<occluded>0</occluded>
		<bndbox>
			<xmin>19</xmin>
			<xmax>369</xmax>
			<ymin>21</ymin>
			<ymax>200</ymax>
		</bndbox>
	</object>
	<object>
		<name>G-man</name>
		<pose>Unspecified</pose>
		<truncated>0</truncated>
		<difficult>0</difficult>
		<occluded>0</occluded>
		<bndbox>
			<xmin>46</xmin>
			<xmax>331</xmax>
			<ymin>232</ymin>
			<ymax>398</ymax>
		</bndbox>
	</object>
</annotation>
