<annotation>
	<folder></folder>
	<filename>20220213_133636_jpg.rf.1bd3fb30adde61e0f5b270e9e02b1770.jpg</filename>
	<path>20220213_133636_jpg.rf.1bd3fb30adde61e0f5b270e9e02b1770.jpg</path>
	<source>
		<database>roboflow.ai</database>
	</source>
	<size>
		<width>416</width>
		<height>416</height>
		<depth>3</depth>
	</size>
	<segmented>0</segmented>
	<object>
		<name>G-man</name>
		<pose>Unspecified</pose>
		<truncated>0</truncated>
		<difficult>0</difficult>
		<occluded>0</occluded>
		<bndbox>
			<xmin>41</xmin>
			<xmax>310</xmax>
			<ymin>79</ymin>
			<ymax>380</ymax>
		</bndbox>
	</object>
</annotation>
