<annotation>
	<folder></folder>
	<filename>20220213_133113_jpg.rf.beb739a6bb8a3ee9778948220d106e6a.jpg</filename>
	<path>20220213_133113_jpg.rf.beb739a6bb8a3ee9778948220d106e6a.jpg</path>
	<source>
		<database>roboflow.ai</database>
	</source>
	<size>
		<width>416</width>
		<height>416</height>
		<depth>3</depth>
	</size>
	<segmented>0</segmented>
	<object>
		<name>Bootlegger</name>
		<pose>Unspecified</pose>
		<truncated>0</truncated>
		<difficult>0</difficult>
		<occluded>0</occluded>
		<bndbox>
			<xmin>112</xmin>
			<xmax>417</xmax>
			<ymin>2</ymin>
			<ymax>321</ymax>
		</bndbox>
	</object>
</annotation>
