<annotation>
	<folder></folder>
	<filename>20220213_110245_jpg.rf.d1fde09b09d03868f82e27d82196c923.jpg</filename>
	<path>20220213_110245_jpg.rf.d1fde09b09d03868f82e27d82196c923.jpg</path>
	<source>
		<database>roboflow.ai</database>
	</source>
	<size>
		<width>416</width>
		<height>416</height>
		<depth>3</depth>
	</size>
	<segmented>0</segmented>
	<object>
		<name>Bootlegger</name>
		<pose>Unspecified</pose>
		<truncated>0</truncated>
		<difficult>0</difficult>
		<occluded>0</occluded>
		<bndbox>
			<xmin>268</xmin>
			<xmax>396</xmax>
			<ymin>44</ymin>
			<ymax>271</ymax>
		</bndbox>
	</object>
	<object>
		<name>G-man</name>
		<pose>Unspecified</pose>
		<truncated>0</truncated>
		<difficult>0</difficult>
		<occluded>0</occluded>
		<bndbox>
			<xmin>51</xmin>
			<xmax>295</xmax>
			<ymin>228</ymin>
			<ymax>388</ymax>
		</bndbox>
	</object>
</annotation>
