<annotation>
	<folder></folder>
	<filename>20220213_133110-0-_jpg.rf.bab84dc24afaa2fef4d45ddebd699f97.jpg</filename>
	<path>20220213_133110-0-_jpg.rf.bab84dc24afaa2fef4d45ddebd699f97.jpg</path>
	<source>
		<database>roboflow.ai</database>
	</source>
	<size>
		<width>416</width>
		<height>416</height>
		<depth>3</depth>
	</size>
	<segmented>0</segmented>
	<object>
		<name>Bootlegger</name>
		<pose>Unspecified</pose>
		<truncated>0</truncated>
		<difficult>0</difficult>
		<occluded>0</occluded>
		<bndbox>
			<xmin>2</xmin>
			<xmax>233</xmax>
			<ymin>2</ymin>
			<ymax>377</ymax>
		</bndbox>
	</object>
	<object>
		<name>G-man</name>
		<pose>Unspecified</pose>
		<truncated>0</truncated>
		<difficult>0</difficult>
		<occluded>0</occluded>
		<bndbox>
			<xmin>280</xmin>
			<xmax>416</xmax>
			<ymin>35</ymin>
			<ymax>398</ymax>
		</bndbox>
	</object>
</annotation>
