<annotation>
	<folder></folder>
	<filename>20220213_133104_jpg.rf.002b5ec51d23c0c79e7a8c4fa530ea9a.jpg</filename>
	<path>20220213_133104_jpg.rf.002b5ec51d23c0c79e7a8c4fa530ea9a.jpg</path>
	<source>
		<database>roboflow.ai</database>
	</source>
	<size>
		<width>416</width>
		<height>416</height>
		<depth>3</depth>
	</size>
	<segmented>0</segmented>
	<object>
		<name>Bootlegger</name>
		<pose>Unspecified</pose>
		<truncated>0</truncated>
		<difficult>0</difficult>
		<occluded>0</occluded>
		<bndbox>
			<xmin>1</xmin>
			<xmax>175</xmax>
			<ymin>8</ymin>
			<ymax>366</ymax>
		</bndbox>
	</object>
	<object>
		<name>G-man</name>
		<pose>Unspecified</pose>
		<truncated>0</truncated>
		<difficult>0</difficult>
		<occluded>0</occluded>
		<bndbox>
			<xmin>217</xmin>
			<xmax>369</xmax>
			<ymin>84</ymin>
			<ymax>350</ymax>
		</bndbox>
	</object>
</annotation>
