<annotation>
	<folder></folder>
	<filename>20220213_110356_jpg.rf.5041932399aa022bc51e5bee3bb3a7d0.jpg</filename>
	<path>20220213_110356_jpg.rf.5041932399aa022bc51e5bee3bb3a7d0.jpg</path>
	<source>
		<database>roboflow.ai</database>
	</source>
	<size>
		<width>416</width>
		<height>416</height>
		<depth>3</depth>
	</size>
	<segmented>0</segmented>
	<object>
		<name>Bootlegger</name>
		<pose>Unspecified</pose>
		<truncated>0</truncated>
		<difficult>0</difficult>
		<occluded>0</occluded>
		<bndbox>
			<xmin>41</xmin>
			<xmax>400</xmax>
			<ymin>26</ymin>
			<ymax>207</ymax>
		</bndbox>
	</object>
	<object>
		<name>G-man</name>
		<pose>Unspecified</pose>
		<truncated>0</truncated>
		<difficult>0</difficult>
		<occluded>0</occluded>
		<bndbox>
			<xmin>74</xmin>
			<xmax>372</xmax>
			<ymin>234</ymin>
			<ymax>404</ymax>
		</bndbox>
	</object>
</annotation>
