<annotation>
	<folder></folder>
	<filename>20220213_110055_jpg.rf.a89e218052a532adfd3e90f071432fdb.jpg</filename>
	<path>20220213_110055_jpg.rf.a89e218052a532adfd3e90f071432fdb.jpg</path>
	<source>
		<database>roboflow.ai</database>
	</source>
	<size>
		<width>416</width>
		<height>416</height>
		<depth>3</depth>
	</size>
	<segmented>0</segmented>
	<object>
		<name>Bootlegger</name>
		<pose>Unspecified</pose>
		<truncated>0</truncated>
		<difficult>0</difficult>
		<occluded>0</occluded>
		<bndbox>
			<xmin>132</xmin>
			<xmax>416</xmax>
			<ymin>24</ymin>
			<ymax>194</ymax>
		</bndbox>
	</object>
	<object>
		<name>G-man</name>
		<pose>Unspecified</pose>
		<truncated>0</truncated>
		<difficult>0</difficult>
		<occluded>0</occluded>
		<bndbox>
			<xmin>106</xmin>
			<xmax>390</xmax>
			<ymin>234</ymin>
			<ymax>373</ymax>
		</bndbox>
	</object>
</annotation>
