<annotation>
	<folder></folder>
	<filename>20220213_110601_jpg.rf.b37e675b6b4f8e2972ac84f1a293aa44.jpg</filename>
	<path>20220213_110601_jpg.rf.b37e675b6b4f8e2972ac84f1a293aa44.jpg</path>
	<source>
		<database>roboflow.ai</database>
	</source>
	<size>
		<width>416</width>
		<height>416</height>
		<depth>3</depth>
	</size>
	<segmented>0</segmented>
	<object>
		<name>G-man</name>
		<pose>Unspecified</pose>
		<truncated>0</truncated>
		<difficult>0</difficult>
		<occluded>0</occluded>
		<bndbox>
			<xmin>56</xmin>
			<xmax>332</xmax>
			<ymin>32</ymin>
			<ymax>189</ymax>
		</bndbox>
	</object>
	<object>
		<name>Bootlegger</name>
		<pose>Unspecified</pose>
		<truncated>0</truncated>
		<difficult>0</difficult>
		<occluded>0</occluded>
		<bndbox>
			<xmin>51</xmin>
			<xmax>363</xmax>
			<ymin>226</ymin>
			<ymax>393</ymax>
		</bndbox>
	</object>
</annotation>
