<annotation>
	<folder></folder>
	<filename>20220213_131056_jpg.rf.96b82cf1e865ca512551fa626c3fd542.jpg</filename>
	<path>20220213_131056_jpg.rf.96b82cf1e865ca512551fa626c3fd542.jpg</path>
	<source>
		<database>roboflow.ai</database>
	</source>
	<size>
		<width>416</width>
		<height>416</height>
		<depth>3</depth>
	</size>
	<segmented>0</segmented>
	<object>
		<name>Bootlegger</name>
		<pose>Unspecified</pose>
		<truncated>0</truncated>
		<difficult>0</difficult>
		<occluded>0</occluded>
		<bndbox>
			<xmin>1</xmin>
			<xmax>417</xmax>
			<ymin>139</ymin>
			<ymax>268</ymax>
		</bndbox>
	</object>
	<object>
		<name>G-man</name>
		<pose>Unspecified</pose>
		<truncated>0</truncated>
		<difficult>0</difficult>
		<occluded>0</occluded>
		<bndbox>
			<xmin>287</xmin>
			<xmax>417</xmax>
			<ymin>290</ymin>
			<ymax>417</ymax>
		</bndbox>
	</object>
</annotation>
