<annotation>
	<folder></folder>
	<filename>20220213_130913-0-_jpg.rf.ee4025196f482fd455a79aae94b5e9d7.jpg</filename>
	<path>20220213_130913-0-_jpg.rf.ee4025196f482fd455a79aae94b5e9d7.jpg</path>
	<source>
		<database>roboflow.ai</database>
	</source>
	<size>
		<width>416</width>
		<height>416</height>
		<depth>3</depth>
	</size>
	<segmented>0</segmented>
	<object>
		<name>Bootlegger</name>
		<pose>Unspecified</pose>
		<truncated>0</truncated>
		<difficult>0</difficult>
		<occluded>0</occluded>
		<bndbox>
			<xmin>107</xmin>
			<xmax>410</xmax>
			<ymin>19</ymin>
			<ymax>197</ymax>
		</bndbox>
	</object>
	<object>
		<name>G-man</name>
		<pose>Unspecified</pose>
		<truncated>0</truncated>
		<difficult>0</difficult>
		<occluded>0</occluded>
		<bndbox>
			<xmin>96</xmin>
			<xmax>377</xmax>
			<ymin>244</ymin>
			<ymax>389</ymax>
		</bndbox>
	</object>
</annotation>
