<annotation>
	<folder></folder>
	<filename>20220213_131130-0-_jpg.rf.04a63b650c285c9faaabd47d169a1807.jpg</filename>
	<path>20220213_131130-0-_jpg.rf.04a63b650c285c9faaabd47d169a1807.jpg</path>
	<source>
		<database>roboflow.ai</database>
	</source>
	<size>
		<width>416</width>
		<height>416</height>
		<depth>3</depth>
	</size>
	<segmented>0</segmented>
	<object>
		<name>G-man</name>
		<pose>Unspecified</pose>
		<truncated>0</truncated>
		<difficult>0</difficult>
		<occluded>0</occluded>
		<bndbox>
			<xmin>245</xmin>
			<xmax>415</xmax>
			<ymin>5</ymin>
			<ymax>276</ymax>
		</bndbox>
	</object>
	<object>
		<name>Bootlegger</name>
		<pose>Unspecified</pose>
		<truncated>0</truncated>
		<difficult>0</difficult>
		<occluded>0</occluded>
		<bndbox>
			<xmin>34</xmin>
			<xmax>188</xmax>
			<ymin>51</ymin>
			<ymax>387</ymax>
		</bndbox>
	</object>
</annotation>
