<annotation>
	<folder></folder>
	<filename>20220213_110243-0-_jpg.rf.ece7cb68767fc9812b591bf7bea7bd2d.jpg</filename>
	<path>20220213_110243-0-_jpg.rf.ece7cb68767fc9812b591bf7bea7bd2d.jpg</path>
	<source>
		<database>roboflow.ai</database>
	</source>
	<size>
		<width>416</width>
		<height>416</height>
		<depth>3</depth>
	</size>
	<segmented>0</segmented>
	<object>
		<name>Bootlegger</name>
		<pose>Unspecified</pose>
		<truncated>0</truncated>
		<difficult>0</difficult>
		<occluded>0</occluded>
		<bndbox>
			<xmin>227</xmin>
			<xmax>417</xmax>
			<ymin>29</ymin>
			<ymax>262</ymax>
		</bndbox>
	</object>
	<object>
		<name>G-man</name>
		<pose>Unspecified</pose>
		<truncated>0</truncated>
		<difficult>0</difficult>
		<occluded>0</occluded>
		<bndbox>
			<xmin>54</xmin>
			<xmax>300</xmax>
			<ymin>242</ymin>
			<ymax>399</ymax>
		</bndbox>
	</object>
</annotation>
