<annotation>
	<folder></folder>
	<filename>20220213_133231_jpg.rf.f7775876744a2c23b7bceab806a9f849.jpg</filename>
	<path>20220213_133231_jpg.rf.f7775876744a2c23b7bceab806a9f849.jpg</path>
	<source>
		<database>roboflow.ai</database>
	</source>
	<size>
		<width>416</width>
		<height>416</height>
		<depth>3</depth>
	</size>
	<segmented>0</segmented>
	<object>
		<name>Bootlegger</name>
		<pose>Unspecified</pose>
		<truncated>0</truncated>
		<difficult>0</difficult>
		<occluded>0</occluded>
		<bndbox>
			<xmin>28</xmin>
			<xmax>194</xmax>
			<ymin>66</ymin>
			<ymax>384</ymax>
		</bndbox>
	</object>
	<object>
		<name>G-man</name>
		<pose>Unspecified</pose>
		<truncated>0</truncated>
		<difficult>0</difficult>
		<occluded>0</occluded>
		<bndbox>
			<xmin>247</xmin>
			<xmax>411</xmax>
			<ymin>82</ymin>
			<ymax>379</ymax>
		</bndbox>
	</object>
</annotation>
