<annotation>
	<folder></folder>
	<filename>20220213_131427_jpg.rf.a236144362056cba91a88fa773b03620.jpg</filename>
	<path>20220213_131427_jpg.rf.a236144362056cba91a88fa773b03620.jpg</path>
	<source>
		<database>roboflow.ai</database>
	</source>
	<size>
		<width>416</width>
		<height>416</height>
		<depth>3</depth>
	</size>
	<segmented>0</segmented>
	<object>
		<name>Bootlegger</name>
		<pose>Unspecified</pose>
		<truncated>0</truncated>
		<difficult>0</difficult>
		<occluded>0</occluded>
		<bndbox>
			<xmin>13</xmin>
			<xmax>416</xmax>
			<ymin>209</ymin>
			<ymax>416</ymax>
		</bndbox>
	</object>
	<object>
		<name>G-man</name>
		<pose>Unspecified</pose>
		<truncated>0</truncated>
		<difficult>0</difficult>
		<occluded>0</occluded>
		<bndbox>
			<xmin>74</xmin>
			<xmax>358</xmax>
			<ymin>49</ymin>
			<ymax>160</ymax>
		</bndbox>
	</object>
</annotation>
