<annotation>
	<folder></folder>
	<filename>20220213_131053-0-_jpg.rf.79d706d235a456fb9534999c90c06210.jpg</filename>
	<path>20220213_131053-0-_jpg.rf.79d706d235a456fb9534999c90c06210.jpg</path>
	<source>
		<database>roboflow.ai</database>
	</source>
	<size>
		<width>416</width>
		<height>416</height>
		<depth>3</depth>
	</size>
	<segmented>0</segmented>
	<object>
		<name>Bootlegger</name>
		<pose>Unspecified</pose>
		<truncated>0</truncated>
		<difficult>0</difficult>
		<occluded>0</occluded>
		<bndbox>
			<xmin>1</xmin>
			<xmax>416</xmax>
			<ymin>120</ymin>
			<ymax>392</ymax>
		</bndbox>
	</object>
</annotation>
