<annotation>
	<folder></folder>
	<filename>20220213_131425_jpg.rf.bc8b0b8652a019d568ff2ff35eb71a38.jpg</filename>
	<path>20220213_131425_jpg.rf.bc8b0b8652a019d568ff2ff35eb71a38.jpg</path>
	<source>
		<database>roboflow.ai</database>
	</source>
	<size>
		<width>416</width>
		<height>416</height>
		<depth>3</depth>
	</size>
	<segmented>0</segmented>
	<object>
		<name>G-man</name>
		<pose>Unspecified</pose>
		<truncated>0</truncated>
		<difficult>0</difficult>
		<occluded>0</occluded>
		<bndbox>
			<xmin>57</xmin>
			<xmax>366</xmax>
			<ymin>269</ymin>
			<ymax>385</ymax>
		</bndbox>
	</object>
	<object>
		<name>Bootlegger</name>
		<pose>Unspecified</pose>
		<truncated>0</truncated>
		<difficult>0</difficult>
		<occluded>0</occluded>
		<bndbox>
			<xmin>19</xmin>
			<xmax>404</xmax>
			<ymin>1</ymin>
			<ymax>207</ymax>
		</bndbox>
	</object>
</annotation>
