<annotation>
	<folder></folder>
	<filename>20220213_110406_jpg.rf.67bff432a82a2ab52403be442404452f.jpg</filename>
	<path>20220213_110406_jpg.rf.67bff432a82a2ab52403be442404452f.jpg</path>
	<source>
		<database>roboflow.ai</database>
	</source>
	<size>
		<width>416</width>
		<height>416</height>
		<depth>3</depth>
	</size>
	<segmented>0</segmented>
	<object>
		<name>G-man</name>
		<pose>Unspecified</pose>
		<truncated>0</truncated>
		<difficult>0</difficult>
		<occluded>0</occluded>
		<bndbox>
			<xmin>29</xmin>
			<xmax>355</xmax>
			<ymin>229</ymin>
			<ymax>402</ymax>
		</bndbox>
	</object>
	<object>
		<name>Bootlegger</name>
		<pose>Unspecified</pose>
		<truncated>0</truncated>
		<difficult>0</difficult>
		<occluded>0</occluded>
		<bndbox>
			<xmin>28</xmin>
			<xmax>359</xmax>
			<ymin>6</ymin>
			<ymax>180</ymax>
		</bndbox>
	</object>
</annotation>
