<annotation>
	<folder></folder>
	<filename>20220213_110334_jpg.rf.eea65f755cc75930ea2b9ae12f40dba3.jpg</filename>
	<path>20220213_110334_jpg.rf.eea65f755cc75930ea2b9ae12f40dba3.jpg</path>
	<source>
		<database>roboflow.ai</database>
	</source>
	<size>
		<width>416</width>
		<height>416</height>
		<depth>3</depth>
	</size>
	<segmented>0</segmented>
	<object>
		<name>G-man</name>
		<pose>Unspecified</pose>
		<truncated>0</truncated>
		<difficult>0</difficult>
		<occluded>0</occluded>
		<bndbox>
			<xmin>53</xmin>
			<xmax>375</xmax>
			<ymin>235</ymin>
			<ymax>402</ymax>
		</bndbox>
	</object>
	<object>
		<name>Bootlegger</name>
		<pose>Unspecified</pose>
		<truncated>0</truncated>
		<difficult>0</difficult>
		<occluded>0</occluded>
		<bndbox>
			<xmin>63</xmin>
			<xmax>388</xmax>
			<ymin>12</ymin>
			<ymax>188</ymax>
		</bndbox>
	</object>
</annotation>
