<annotation>
	<folder></folder>
	<filename>20220213_130917_jpg.rf.0810b849fe26e05bf4d95cba2a214b7d.jpg</filename>
	<path>20220213_130917_jpg.rf.0810b849fe26e05bf4d95cba2a214b7d.jpg</path>
	<source>
		<database>roboflow.ai</database>
	</source>
	<size>
		<width>416</width>
		<height>416</height>
		<depth>3</depth>
	</size>
	<segmented>0</segmented>
	<object>
		<name>Bootlegger</name>
		<pose>Unspecified</pose>
		<truncated>0</truncated>
		<difficult>0</difficult>
		<occluded>0</occluded>
		<bndbox>
			<xmin>106</xmin>
			<xmax>406</xmax>
			<ymin>24</ymin>
			<ymax>201</ymax>
		</bndbox>
	</object>
	<object>
		<name>G-man</name>
		<pose>Unspecified</pose>
		<truncated>0</truncated>
		<difficult>0</difficult>
		<occluded>0</occluded>
		<bndbox>
			<xmin>90</xmin>
			<xmax>395</xmax>
			<ymin>246</ymin>
			<ymax>396</ymax>
		</bndbox>
	</object>
</annotation>
