<annotation>
	<folder></folder>
	<filename>20220213_131446_jpg.rf.ed1079cb73fd34960b07b3fa7682a796.jpg</filename>
	<path>20220213_131446_jpg.rf.ed1079cb73fd34960b07b3fa7682a796.jpg</path>
	<source>
		<database>roboflow.ai</database>
	</source>
	<size>
		<width>416</width>
		<height>416</height>
		<depth>3</depth>
	</size>
	<segmented>0</segmented>
	<object>
		<name>Bootlegger</name>
		<pose>Unspecified</pose>
		<truncated>0</truncated>
		<difficult>0</difficult>
		<occluded>0</occluded>
		<bndbox>
			<xmin>6</xmin>
			<xmax>346</xmax>
			<ymin>188</ymin>
			<ymax>412</ymax>
		</bndbox>
	</object>
	<object>
		<name>G-man</name>
		<pose>Unspecified</pose>
		<truncated>0</truncated>
		<difficult>0</difficult>
		<occluded>0</occluded>
		<bndbox>
			<xmin>18</xmin>
			<xmax>360</xmax>
			<ymin>1</ymin>
			<ymax>140</ymax>
		</bndbox>
	</object>
</annotation>
