<annotation>
	<folder></folder>
	<filename>20220213_130911_jpg.rf.10bdeb5db0edde821c775dc6a5862941.jpg</filename>
	<path>20220213_130911_jpg.rf.10bdeb5db0edde821c775dc6a5862941.jpg</path>
	<source>
		<database>roboflow.ai</database>
	</source>
	<size>
		<width>416</width>
		<height>416</height>
		<depth>3</depth>
	</size>
	<segmented>0</segmented>
	<object>
		<name>Bootlegger</name>
		<pose>Unspecified</pose>
		<truncated>0</truncated>
		<difficult>0</difficult>
		<occluded>0</occluded>
		<bndbox>
			<xmin>63</xmin>
			<xmax>326</xmax>
			<ymin>42</ymin>
			<ymax>204</ymax>
		</bndbox>
	</object>
	<object>
		<name>G-man</name>
		<pose>Unspecified</pose>
		<truncated>0</truncated>
		<difficult>0</difficult>
		<occluded>0</occluded>
		<bndbox>
			<xmin>50</xmin>
			<xmax>315</xmax>
			<ymin>237</ymin>
			<ymax>381</ymax>
		</bndbox>
	</object>
</annotation>
