<annotation>
	<folder></folder>
	<filename>20220213_110241_jpg.rf.9fb5d8887aca3a1f962195c1d9effcef.jpg</filename>
	<path>20220213_110241_jpg.rf.9fb5d8887aca3a1f962195c1d9effcef.jpg</path>
	<source>
		<database>roboflow.ai</database>
	</source>
	<size>
		<width>416</width>
		<height>416</height>
		<depth>3</depth>
	</size>
	<segmented>0</segmented>
	<object>
		<name>Bootlegger</name>
		<pose>Unspecified</pose>
		<truncated>0</truncated>
		<difficult>0</difficult>
		<occluded>0</occluded>
		<bndbox>
			<xmin>172</xmin>
			<xmax>375</xmax>
			<ymin>13</ymin>
			<ymax>217</ymax>
		</bndbox>
	</object>
	<object>
		<name>G-man</name>
		<pose>Unspecified</pose>
		<truncated>0</truncated>
		<difficult>0</difficult>
		<occluded>0</occluded>
		<bndbox>
			<xmin>52</xmin>
			<xmax>313</xmax>
			<ymin>233</ymin>
			<ymax>377</ymax>
		</bndbox>
	</object>
</annotation>
