<annotation>
	<folder></folder>
	<filename>20220213_133106_jpg.rf.651912e517dec6ddf664fd181a48ee25.jpg</filename>
	<path>20220213_133106_jpg.rf.651912e517dec6ddf664fd181a48ee25.jpg</path>
	<source>
		<database>roboflow.ai</database>
	</source>
	<size>
		<width>416</width>
		<height>416</height>
		<depth>3</depth>
	</size>
	<segmented>0</segmented>
	<object>
		<name>Bootlegger</name>
		<pose>Unspecified</pose>
		<truncated>0</truncated>
		<difficult>0</difficult>
		<occluded>0</occluded>
		<bndbox>
			<xmin>2</xmin>
			<xmax>192</xmax>
			<ymin>2</ymin>
			<ymax>326</ymax>
		</bndbox>
	</object>
	<object>
		<name>G-man</name>
		<pose>Unspecified</pose>
		<truncated>0</truncated>
		<difficult>0</difficult>
		<occluded>0</occluded>
		<bndbox>
			<xmin>237</xmin>
			<xmax>417</xmax>
			<ymin>56</ymin>
			<ymax>388</ymax>
		</bndbox>
	</object>
</annotation>
