<annotation>
	<folder></folder>
	<filename>20220213_110324_jpg.rf.dd20a6d6e0b71280e3ea357321df960b.jpg</filename>
	<path>20220213_110324_jpg.rf.dd20a6d6e0b71280e3ea357321df960b.jpg</path>
	<source>
		<database>roboflow.ai</database>
	</source>
	<size>
		<width>416</width>
		<height>416</height>
		<depth>3</depth>
	</size>
	<segmented>0</segmented>
	<object>
		<name>Bootlegger</name>
		<pose>Unspecified</pose>
		<truncated>0</truncated>
		<difficult>0</difficult>
		<occluded>0</occluded>
		<bndbox>
			<xmin>35</xmin>
			<xmax>379</xmax>
			<ymin>21</ymin>
			<ymax>197</ymax>
		</bndbox>
	</object>
	<object>
		<name>G-man</name>
		<pose>Unspecified</pose>
		<truncated>0</truncated>
		<difficult>0</difficult>
		<occluded>0</occluded>
		<bndbox>
			<xmin>46</xmin>
			<xmax>378</xmax>
			<ymin>253</ymin>
			<ymax>404</ymax>
		</bndbox>
	</object>
</annotation>
