<annotation>
	<folder></folder>
	<filename>20220213_110245-0-_jpg.rf.565712c83e5e2e64796d8ccdabe12849.jpg</filename>
	<path>20220213_110245-0-_jpg.rf.565712c83e5e2e64796d8ccdabe12849.jpg</path>
	<source>
		<database>roboflow.ai</database>
	</source>
	<size>
		<width>416</width>
		<height>416</height>
		<depth>3</depth>
	</size>
	<segmented>0</segmented>
	<object>
		<name>Bootlegger</name>
		<pose>Unspecified</pose>
		<truncated>0</truncated>
		<difficult>0</difficult>
		<occluded>0</occluded>
		<bndbox>
			<xmin>237</xmin>
			<xmax>398</xmax>
			<ymin>49</ymin>
			<ymax>273</ymax>
		</bndbox>
	</object>
	<object>
		<name>G-man</name>
		<pose>Unspecified</pose>
		<truncated>0</truncated>
		<difficult>0</difficult>
		<occluded>0</occluded>
		<bndbox>
			<xmin>42</xmin>
			<xmax>267</xmax>
			<ymin>204</ymin>
			<ymax>377</ymax>
		</bndbox>
	</object>
</annotation>
