<annotation>
	<folder></folder>
	<filename>20220213_110340_jpg.rf.7481e2de2fbf67f2fbe2c29dcb3d2524.jpg</filename>
	<path>20220213_110340_jpg.rf.7481e2de2fbf67f2fbe2c29dcb3d2524.jpg</path>
	<source>
		<database>roboflow.ai</database>
	</source>
	<size>
		<width>416</width>
		<height>416</height>
		<depth>3</depth>
	</size>
	<segmented>0</segmented>
	<object>
		<name>Bootlegger</name>
		<pose>Unspecified</pose>
		<truncated>0</truncated>
		<difficult>0</difficult>
		<occluded>0</occluded>
		<bndbox>
			<xmin>235</xmin>
			<xmax>415</xmax>
			<ymin>9</ymin>
			<ymax>255</ymax>
		</bndbox>
	</object>
	<object>
		<name>G-man</name>
		<pose>Unspecified</pose>
		<truncated>0</truncated>
		<difficult>0</difficult>
		<occluded>0</occluded>
		<bndbox>
			<xmin>9</xmin>
			<xmax>310</xmax>
			<ymin>238</ymin>
			<ymax>416</ymax>
		</bndbox>
	</object>
</annotation>
