<annotation>
	<folder></folder>
	<filename>20220213_131442_jpg.rf.6c85421219576748d3ce1960876a286f.jpg</filename>
	<path>20220213_131442_jpg.rf.6c85421219576748d3ce1960876a286f.jpg</path>
	<source>
		<database>roboflow.ai</database>
	</source>
	<size>
		<width>416</width>
		<height>416</height>
		<depth>3</depth>
	</size>
	<segmented>0</segmented>
	<object>
		<name>Bootlegger</name>
		<pose>Unspecified</pose>
		<truncated>0</truncated>
		<difficult>0</difficult>
		<occluded>0</occluded>
		<bndbox>
			<xmin>7</xmin>
			<xmax>416</xmax>
			<ymin>140</ymin>
			<ymax>384</ymax>
		</bndbox>
	</object>
	<object>
		<name>G-man</name>
		<pose>Unspecified</pose>
		<truncated>0</truncated>
		<difficult>0</difficult>
		<occluded>0</occluded>
		<bndbox>
			<xmin>65</xmin>
			<xmax>397</xmax>
			<ymin>1</ymin>
			<ymax>87</ymax>
		</bndbox>
	</object>
</annotation>
