<annotation>
	<folder></folder>
	<filename>20220213_110100_jpg.rf.1e82fb8307d5c93e87c56b1b60d7f4e9.jpg</filename>
	<path>20220213_110100_jpg.rf.1e82fb8307d5c93e87c56b1b60d7f4e9.jpg</path>
	<source>
		<database>roboflow.ai</database>
	</source>
	<size>
		<width>416</width>
		<height>416</height>
		<depth>3</depth>
	</size>
	<segmented>0</segmented>
	<object>
		<name>Bootlegger</name>
		<pose>Unspecified</pose>
		<truncated>0</truncated>
		<difficult>0</difficult>
		<occluded>0</occluded>
		<bndbox>
			<xmin>68</xmin>
			<xmax>382</xmax>
			<ymin>25</ymin>
			<ymax>198</ymax>
		</bndbox>
	</object>
	<object>
		<name>G-man</name>
		<pose>Unspecified</pose>
		<truncated>0</truncated>
		<difficult>0</difficult>
		<occluded>0</occluded>
		<bndbox>
			<xmin>67</xmin>
			<xmax>366</xmax>
			<ymin>235</ymin>
			<ymax>404</ymax>
		</bndbox>
	</object>
</annotation>
