<annotation>
	<folder></folder>
	<filename>20220213_131117-0-_jpg.rf.8cae68ba9d2b05970debae0fe5cb9fb8.jpg</filename>
	<path>20220213_131117-0-_jpg.rf.8cae68ba9d2b05970debae0fe5cb9fb8.jpg</path>
	<source>
		<database>roboflow.ai</database>
	</source>
	<size>
		<width>416</width>
		<height>416</height>
		<depth>3</depth>
	</size>
	<segmented>0</segmented>
	<object>
		<name>G-man</name>
		<pose>Unspecified</pose>
		<truncated>0</truncated>
		<difficult>0</difficult>
		<occluded>0</occluded>
		<bndbox>
			<xmin>248</xmin>
			<xmax>400</xmax>
			<ymin>44</ymin>
			<ymax>301</ymax>
		</bndbox>
	</object>
	<object>
		<name>Bootlegger</name>
		<pose>Unspecified</pose>
		<truncated>0</truncated>
		<difficult>0</difficult>
		<occluded>0</occluded>
		<bndbox>
			<xmin>21</xmin>
			<xmax>190</xmax>
			<ymin>50</ymin>
			<ymax>358</ymax>
		</bndbox>
	</object>
</annotation>
