<annotation>
	<folder></folder>
	<filename>20220213_131117_jpg.rf.676a357f9915460c3b6680f31a4141b9.jpg</filename>
	<path>20220213_131117_jpg.rf.676a357f9915460c3b6680f31a4141b9.jpg</path>
	<source>
		<database>roboflow.ai</database>
	</source>
	<size>
		<width>416</width>
		<height>416</height>
		<depth>3</depth>
	</size>
	<segmented>0</segmented>
	<object>
		<name>G-man</name>
		<pose>Unspecified</pose>
		<truncated>0</truncated>
		<difficult>0</difficult>
		<occluded>0</occluded>
		<bndbox>
			<xmin>243</xmin>
			<xmax>403</xmax>
			<ymin>33</ymin>
			<ymax>309</ymax>
		</bndbox>
	</object>
	<object>
		<name>Bootlegger</name>
		<pose>Unspecified</pose>
		<truncated>0</truncated>
		<difficult>0</difficult>
		<occluded>0</occluded>
		<bndbox>
			<xmin>22</xmin>
			<xmax>186</xmax>
			<ymin>41</ymin>
			<ymax>354</ymax>
		</bndbox>
	</object>
</annotation>
