<annotation>
	<folder></folder>
	<filename>20220213_131124_jpg.rf.797e3c6c5b165b63f428c1a4f5bf8b82.jpg</filename>
	<path>20220213_131124_jpg.rf.797e3c6c5b165b63f428c1a4f5bf8b82.jpg</path>
	<source>
		<database>roboflow.ai</database>
	</source>
	<size>
		<width>416</width>
		<height>416</height>
		<depth>3</depth>
	</size>
	<segmented>0</segmented>
	<object>
		<name>Bootlegger</name>
		<pose>Unspecified</pose>
		<truncated>0</truncated>
		<difficult>0</difficult>
		<occluded>0</occluded>
		<bndbox>
			<xmin>6</xmin>
			<xmax>193</xmax>
			<ymin>6</ymin>
			<ymax>310</ymax>
		</bndbox>
	</object>
	<object>
		<name>G-man</name>
		<pose>Unspecified</pose>
		<truncated>0</truncated>
		<difficult>0</difficult>
		<occluded>0</occluded>
		<bndbox>
			<xmin>246</xmin>
			<xmax>417</xmax>
			<ymin>21</ymin>
			<ymax>311</ymax>
		</bndbox>
	</object>
</annotation>
