<annotation>
	<folder></folder>
	<filename>20220213_133831_jpg.rf.dae36fc6f01a42e0358a7a544bd29824.jpg</filename>
	<path>20220213_133831_jpg.rf.dae36fc6f01a42e0358a7a544bd29824.jpg</path>
	<source>
		<database>roboflow.ai</database>
	</source>
	<size>
		<width>416</width>
		<height>416</height>
		<depth>3</depth>
	</size>
	<segmented>0</segmented>
	<object>
		<name>Bootlegger</name>
		<pose>Unspecified</pose>
		<truncated>0</truncated>
		<difficult>0</difficult>
		<occluded>0</occluded>
		<bndbox>
			<xmin>3</xmin>
			<xmax>165</xmax>
			<ymin>46</ymin>
			<ymax>278</ymax>
		</bndbox>
	</object>
	<object>
		<name>G-man</name>
		<pose>Unspecified</pose>
		<truncated>0</truncated>
		<difficult>0</difficult>
		<occluded>0</occluded>
		<bndbox>
			<xmin>202</xmin>
			<xmax>330</xmax>
			<ymin>79</ymin>
			<ymax>312</ymax>
		</bndbox>
	</object>
</annotation>
