<annotation>
	<folder></folder>
	<filename>20220213_110022_jpg.rf.751f8d8a509376c8641360d9480305ba.jpg</filename>
	<path>20220213_110022_jpg.rf.751f8d8a509376c8641360d9480305ba.jpg</path>
	<source>
		<database>roboflow.ai</database>
	</source>
	<size>
		<width>416</width>
		<height>416</height>
		<depth>3</depth>
	</size>
	<segmented>0</segmented>
	<object>
		<name>Bootlegger</name>
		<pose>Unspecified</pose>
		<truncated>0</truncated>
		<difficult>0</difficult>
		<occluded>0</occluded>
		<bndbox>
			<xmin>55</xmin>
			<xmax>390</xmax>
			<ymin>22</ymin>
			<ymax>192</ymax>
		</bndbox>
	</object>
	<object>
		<name>G-man</name>
		<pose>Unspecified</pose>
		<truncated>0</truncated>
		<difficult>0</difficult>
		<occluded>0</occluded>
		<bndbox>
			<xmin>74</xmin>
			<xmax>380</xmax>
			<ymin>245</ymin>
			<ymax>399</ymax>
		</bndbox>
	</object>
</annotation>
