<annotation>
	<folder></folder>
	<filename>20220213_131135_jpg.rf.9b3715bf1b9d02503655433fc6d13752.jpg</filename>
	<path>20220213_131135_jpg.rf.9b3715bf1b9d02503655433fc6d13752.jpg</path>
	<source>
		<database>roboflow.ai</database>
	</source>
	<size>
		<width>416</width>
		<height>416</height>
		<depth>3</depth>
	</size>
	<segmented>0</segmented>
	<object>
		<name>G-man</name>
		<pose>Unspecified</pose>
		<truncated>0</truncated>
		<difficult>0</difficult>
		<occluded>0</occluded>
		<bndbox>
			<xmin>244</xmin>
			<xmax>404</xmax>
			<ymin>31</ymin>
			<ymax>318</ymax>
		</bndbox>
	</object>
	<object>
		<name>Bootlegger</name>
		<pose>Unspecified</pose>
		<truncated>0</truncated>
		<difficult>0</difficult>
		<occluded>0</occluded>
		<bndbox>
			<xmin>11</xmin>
			<xmax>183</xmax>
			<ymin>37</ymin>
			<ymax>344</ymax>
		</bndbox>
	</object>
</annotation>
