<annotation>
	<folder></folder>
	<filename>20220213_131429_jpg.rf.81d08eb47c0d8222373c2a6ebc4730c4.jpg</filename>
	<path>20220213_131429_jpg.rf.81d08eb47c0d8222373c2a6ebc4730c4.jpg</path>
	<source>
		<database>roboflow.ai</database>
	</source>
	<size>
		<width>416</width>
		<height>416</height>
		<depth>3</depth>
	</size>
	<segmented>0</segmented>
	<object>
		<name>G-man</name>
		<pose>Unspecified</pose>
		<truncated>0</truncated>
		<difficult>0</difficult>
		<occluded>0</occluded>
		<bndbox>
			<xmin>91</xmin>
			<xmax>368</xmax>
			<ymin>63</ymin>
			<ymax>166</ymax>
		</bndbox>
	</object>
	<object>
		<name>Bootlegger</name>
		<pose>Unspecified</pose>
		<truncated>0</truncated>
		<difficult>0</difficult>
		<occluded>0</occluded>
		<bndbox>
			<xmin>25</xmin>
			<xmax>416</xmax>
			<ymin>206</ymin>
			<ymax>416</ymax>
		</bndbox>
	</object>
</annotation>
