<annotation>
	<folder></folder>
	<filename>20220213_110056-0-_jpg.rf.133f3c5c6171bfa8b6a8327109f451b2.jpg</filename>
	<path>20220213_110056-0-_jpg.rf.133f3c5c6171bfa8b6a8327109f451b2.jpg</path>
	<source>
		<database>roboflow.ai</database>
	</source>
	<size>
		<width>416</width>
		<height>416</height>
		<depth>3</depth>
	</size>
	<segmented>0</segmented>
	<object>
		<name>Bootlegger</name>
		<pose>Unspecified</pose>
		<truncated>0</truncated>
		<difficult>0</difficult>
		<occluded>0</occluded>
		<bndbox>
			<xmin>93</xmin>
			<xmax>415</xmax>
			<ymin>17</ymin>
			<ymax>197</ymax>
		</bndbox>
	</object>
	<object>
		<name>G-man</name>
		<pose>Unspecified</pose>
		<truncated>0</truncated>
		<difficult>0</difficult>
		<occluded>0</occluded>
		<bndbox>
			<xmin>74</xmin>
			<xmax>360</xmax>
			<ymin>235</ymin>
			<ymax>386</ymax>
		</bndbox>
	</object>
</annotation>
