<annotation>
	<folder></folder>
	<filename>20220213_134059_jpg.rf.6918f4b3c58fae9198cd853a5b712276.jpg</filename>
	<path>20220213_134059_jpg.rf.6918f4b3c58fae9198cd853a5b712276.jpg</path>
	<source>
		<database>roboflow.ai</database>
	</source>
	<size>
		<width>416</width>
		<height>416</height>
		<depth>3</depth>
	</size>
	<segmented>0</segmented>
	<object>
		<name>G-man</name>
		<pose>Unspecified</pose>
		<truncated>0</truncated>
		<difficult>0</difficult>
		<occluded>0</occluded>
		<bndbox>
			<xmin>85</xmin>
			<xmax>391</xmax>
			<ymin>66</ymin>
			<ymax>196</ymax>
		</bndbox>
	</object>
	<object>
		<name>Bootlegger</name>
		<pose>Unspecified</pose>
		<truncated>0</truncated>
		<difficult>0</difficult>
		<occluded>0</occluded>
		<bndbox>
			<xmin>157</xmin>
			<xmax>416</xmax>
			<ymin>254</ymin>
			<ymax>416</ymax>
		</bndbox>
	</object>
</annotation>
