<annotation>
	<folder></folder>
	<filename>20220213_133112_jpg.rf.5142371a87e5f80f622ff730b3a13ade.jpg</filename>
	<path>20220213_133112_jpg.rf.5142371a87e5f80f622ff730b3a13ade.jpg</path>
	<source>
		<database>roboflow.ai</database>
	</source>
	<size>
		<width>416</width>
		<height>416</height>
		<depth>3</depth>
	</size>
	<segmented>0</segmented>
	<object>
		<name>Bootlegger</name>
		<pose>Unspecified</pose>
		<truncated>0</truncated>
		<difficult>0</difficult>
		<occluded>0</occluded>
		<bndbox>
			<xmin>60</xmin>
			<xmax>331</xmax>
			<ymin>2</ymin>
			<ymax>416</ymax>
		</bndbox>
	</object>
</annotation>
