<annotation>
	<folder></folder>
	<filename>20220213_110407_jpg.rf.755ef88410c1b11950c46241f5f23d9c.jpg</filename>
	<path>20220213_110407_jpg.rf.755ef88410c1b11950c46241f5f23d9c.jpg</path>
	<source>
		<database>roboflow.ai</database>
	</source>
	<size>
		<width>416</width>
		<height>416</height>
		<depth>3</depth>
	</size>
	<segmented>0</segmented>
	<object>
		<name>G-man</name>
		<pose>Unspecified</pose>
		<truncated>0</truncated>
		<difficult>0</difficult>
		<occluded>0</occluded>
		<bndbox>
			<xmin>48</xmin>
			<xmax>350</xmax>
			<ymin>223</ymin>
			<ymax>388</ymax>
		</bndbox>
	</object>
	<object>
		<name>Bootlegger</name>
		<pose>Unspecified</pose>
		<truncated>0</truncated>
		<difficult>0</difficult>
		<occluded>0</occluded>
		<bndbox>
			<xmin>45</xmin>
			<xmax>366</xmax>
			<ymin>1</ymin>
			<ymax>164</ymax>
		</bndbox>
	</object>
</annotation>
