<annotation>
	<folder></folder>
	<filename>20220213_133054_jpg.rf.4be7b15de65968cec5ce83339507b6c3.jpg</filename>
	<path>20220213_133054_jpg.rf.4be7b15de65968cec5ce83339507b6c3.jpg</path>
	<source>
		<database>roboflow.ai</database>
	</source>
	<size>
		<width>416</width>
		<height>416</height>
		<depth>3</depth>
	</size>
	<segmented>0</segmented>
	<object>
		<name>Bootlegger</name>
		<pose>Unspecified</pose>
		<truncated>0</truncated>
		<difficult>0</difficult>
		<occluded>0</occluded>
		<bndbox>
			<xmin>31</xmin>
			<xmax>198</xmax>
			<ymin>41</ymin>
			<ymax>338</ymax>
		</bndbox>
	</object>
	<object>
		<name>G-man</name>
		<pose>Unspecified</pose>
		<truncated>0</truncated>
		<difficult>0</difficult>
		<occluded>0</occluded>
		<bndbox>
			<xmin>248</xmin>
			<xmax>396</xmax>
			<ymin>71</ymin>
			<ymax>348</ymax>
		</bndbox>
	</object>
</annotation>
