<annotation>
	<folder></folder>
	<filename>20220213_110048_jpg.rf.6a1241e8fb1723319987bded7b25bbe6.jpg</filename>
	<path>20220213_110048_jpg.rf.6a1241e8fb1723319987bded7b25bbe6.jpg</path>
	<source>
		<database>roboflow.ai</database>
	</source>
	<size>
		<width>416</width>
		<height>416</height>
		<depth>3</depth>
	</size>
	<segmented>0</segmented>
	<object>
		<name>G-man</name>
		<pose>Unspecified</pose>
		<truncated>0</truncated>
		<difficult>0</difficult>
		<occluded>0</occluded>
		<bndbox>
			<xmin>43</xmin>
			<xmax>363</xmax>
			<ymin>207</ymin>
			<ymax>369</ymax>
		</bndbox>
	</object>
	<object>
		<name>Bootlegger</name>
		<pose>Unspecified</pose>
		<truncated>0</truncated>
		<difficult>0</difficult>
		<occluded>0</occluded>
		<bndbox>
			<xmin>128</xmin>
			<xmax>405</xmax>
			<ymin>1</ymin>
			<ymax>168</ymax>
		</bndbox>
	</object>
</annotation>
