<annotation>
	<folder></folder>
	<filename>20220213_131044_jpg.rf.ba6757ce24b30f34e87b49a6711a84ac.jpg</filename>
	<path>20220213_131044_jpg.rf.ba6757ce24b30f34e87b49a6711a84ac.jpg</path>
	<source>
		<database>roboflow.ai</database>
	</source>
	<size>
		<width>416</width>
		<height>416</height>
		<depth>3</depth>
	</size>
	<segmented>0</segmented>
	<object>
		<name>Bootlegger</name>
		<pose>Unspecified</pose>
		<truncated>0</truncated>
		<difficult>0</difficult>
		<occluded>0</occluded>
		<bndbox>
			<xmin>10</xmin>
			<xmax>362</xmax>
			<ymin>49</ymin>
			<ymax>365</ymax>
		</bndbox>
	</object>
</annotation>
