<annotation>
	<folder></folder>
	<filename>20220213_131421_jpg.rf.fc853db31a57ab6bf7de7a90b3566de2.jpg</filename>
	<path>20220213_131421_jpg.rf.fc853db31a57ab6bf7de7a90b3566de2.jpg</path>
	<source>
		<database>roboflow.ai</database>
	</source>
	<size>
		<width>416</width>
		<height>416</height>
		<depth>3</depth>
	</size>
	<segmented>0</segmented>
	<object>
		<name>Bootlegger</name>
		<pose>Unspecified</pose>
		<truncated>0</truncated>
		<difficult>0</difficult>
		<occluded>0</occluded>
		<bndbox>
			<xmin>43</xmin>
			<xmax>417</xmax>
			<ymin>25</ymin>
			<ymax>221</ymax>
		</bndbox>
	</object>
	<object>
		<name>G-man</name>
		<pose>Unspecified</pose>
		<truncated>0</truncated>
		<difficult>0</difficult>
		<occluded>0</occluded>
		<bndbox>
			<xmin>86</xmin>
			<xmax>391</xmax>
			<ymin>283</ymin>
			<ymax>416</ymax>
		</bndbox>
	</object>
</annotation>
