<annotation>
	<folder></folder>
	<filename>20220213_130914-0-_jpg.rf.950aa6519c3b19c17456b7c785277998.jpg</filename>
	<path>20220213_130914-0-_jpg.rf.950aa6519c3b19c17456b7c785277998.jpg</path>
	<source>
		<database>roboflow.ai</database>
	</source>
	<size>
		<width>416</width>
		<height>416</height>
		<depth>3</depth>
	</size>
	<segmented>0</segmented>
	<object>
		<name>Bootlegger</name>
		<pose>Unspecified</pose>
		<truncated>0</truncated>
		<difficult>0</difficult>
		<occluded>0</occluded>
		<bndbox>
			<xmin>113</xmin>
			<xmax>406</xmax>
			<ymin>27</ymin>
			<ymax>193</ymax>
		</bndbox>
	</object>
	<object>
		<name>G-man</name>
		<pose>Unspecified</pose>
		<truncated>0</truncated>
		<difficult>0</difficult>
		<occluded>0</occluded>
		<bndbox>
			<xmin>90</xmin>
			<xmax>382</xmax>
			<ymin>237</ymin>
			<ymax>385</ymax>
		</bndbox>
	</object>
</annotation>
