<annotation>
	<folder></folder>
	<filename>20220213_131430_jpg.rf.1d6aa0ac43edb617a23319f678cd7c0a.jpg</filename>
	<path>20220213_131430_jpg.rf.1d6aa0ac43edb617a23319f678cd7c0a.jpg</path>
	<source>
		<database>roboflow.ai</database>
	</source>
	<size>
		<width>416</width>
		<height>416</height>
		<depth>3</depth>
	</size>
	<segmented>0</segmented>
	<object>
		<name>G-man</name>
		<pose>Unspecified</pose>
		<truncated>0</truncated>
		<difficult>0</difficult>
		<occluded>0</occluded>
		<bndbox>
			<xmin>99</xmin>
			<xmax>356</xmax>
			<ymin>75</ymin>
			<ymax>168</ymax>
		</bndbox>
	</object>
	<object>
		<name>Bootlegger</name>
		<pose>Unspecified</pose>
		<truncated>0</truncated>
		<difficult>0</difficult>
		<occluded>0</occluded>
		<bndbox>
			<xmin>14</xmin>
			<xmax>416</xmax>
			<ymin>203</ymin>
			<ymax>416</ymax>
		</bndbox>
	</object>
</annotation>
