<annotation>
	<folder></folder>
	<filename>20220213_131121_jpg.rf.70687976eaa875075f351579286db87f.jpg</filename>
	<path>20220213_131121_jpg.rf.70687976eaa875075f351579286db87f.jpg</path>
	<source>
		<database>roboflow.ai</database>
	</source>
	<size>
		<width>416</width>
		<height>416</height>
		<depth>3</depth>
	</size>
	<segmented>0</segmented>
	<object>
		<name>Bootlegger</name>
		<pose>Unspecified</pose>
		<truncated>0</truncated>
		<difficult>0</difficult>
		<occluded>0</occluded>
		<bndbox>
			<xmin>6</xmin>
			<xmax>188</xmax>
			<ymin>5</ymin>
			<ymax>318</ymax>
		</bndbox>
	</object>
	<object>
		<name>G-man</name>
		<pose>Unspecified</pose>
		<truncated>0</truncated>
		<difficult>0</difficult>
		<occluded>0</occluded>
		<bndbox>
			<xmin>250</xmin>
			<xmax>416</xmax>
			<ymin>29</ymin>
			<ymax>314</ymax>
		</bndbox>
	</object>
</annotation>
