<annotation>
	<folder></folder>
	<filename>20220213_133114_jpg.rf.3c6b2d0f66e4b36548dc9368f998b954.jpg</filename>
	<path>20220213_133114_jpg.rf.3c6b2d0f66e4b36548dc9368f998b954.jpg</path>
	<source>
		<database>roboflow.ai</database>
	</source>
	<size>
		<width>416</width>
		<height>416</height>
		<depth>3</depth>
	</size>
	<segmented>0</segmented>
	<object>
		<name>Bootlegger</name>
		<pose>Unspecified</pose>
		<truncated>0</truncated>
		<difficult>0</difficult>
		<occluded>0</occluded>
		<bndbox>
			<xmin>124</xmin>
			<xmax>387</xmax>
			<ymin>1</ymin>
			<ymax>336</ymax>
		</bndbox>
	</object>
</annotation>
