<annotation>
	<folder></folder>
	<filename>20220213_131051-0-_jpg.rf.c718475e1a3ec7668d982d55b3166ce7.jpg</filename>
	<path>20220213_131051-0-_jpg.rf.c718475e1a3ec7668d982d55b3166ce7.jpg</path>
	<source>
		<database>roboflow.ai</database>
	</source>
	<size>
		<width>416</width>
		<height>416</height>
		<depth>3</depth>
	</size>
	<segmented>0</segmented>
	<object>
		<name>Bootlegger</name>
		<pose>Unspecified</pose>
		<truncated>0</truncated>
		<difficult>0</difficult>
		<occluded>0</occluded>
		<bndbox>
			<xmin>14</xmin>
			<xmax>378</xmax>
			<ymin>75</ymin>
			<ymax>374</ymax>
		</bndbox>
	</object>
</annotation>
