<annotation>
	<folder></folder>
	<filename>20220213_110238_jpg.rf.3760ceb00b82aa34b3411d97ead216d6.jpg</filename>
	<path>20220213_110238_jpg.rf.3760ceb00b82aa34b3411d97ead216d6.jpg</path>
	<source>
		<database>roboflow.ai</database>
	</source>
	<size>
		<width>416</width>
		<height>416</height>
		<depth>3</depth>
	</size>
	<segmented>0</segmented>
	<object>
		<name>Bootlegger</name>
		<pose>Unspecified</pose>
		<truncated>0</truncated>
		<difficult>0</difficult>
		<occluded>0</occluded>
		<bndbox>
			<xmin>135</xmin>
			<xmax>413</xmax>
			<ymin>14</ymin>
			<ymax>196</ymax>
		</bndbox>
	</object>
	<object>
		<name>G-man</name>
		<pose>Unspecified</pose>
		<truncated>0</truncated>
		<difficult>0</difficult>
		<occluded>0</occluded>
		<bndbox>
			<xmin>91</xmin>
			<xmax>358</xmax>
			<ymin>211</ymin>
			<ymax>364</ymax>
		</bndbox>
	</object>
</annotation>
