<annotation>
	<folder></folder>
	<filename>20220213_131130_jpg.rf.fc0d1d08d6225642faaf2e3370982b3b.jpg</filename>
	<path>20220213_131130_jpg.rf.fc0d1d08d6225642faaf2e3370982b3b.jpg</path>
	<source>
		<database>roboflow.ai</database>
	</source>
	<size>
		<width>416</width>
		<height>416</height>
		<depth>3</depth>
	</size>
	<segmented>0</segmented>
	<object>
		<name>G-man</name>
		<pose>Unspecified</pose>
		<truncated>0</truncated>
		<difficult>0</difficult>
		<occluded>0</occluded>
		<bndbox>
			<xmin>247</xmin>
			<xmax>397</xmax>
			<ymin>26</ymin>
			<ymax>302</ymax>
		</bndbox>
	</object>
	<object>
		<name>Bootlegger</name>
		<pose>Unspecified</pose>
		<truncated>0</truncated>
		<difficult>0</difficult>
		<occluded>0</occluded>
		<bndbox>
			<xmin>17</xmin>
			<xmax>182</xmax>
			<ymin>44</ymin>
			<ymax>342</ymax>
		</bndbox>
	</object>
</annotation>
