<annotation>
	<folder></folder>
	<filename>20220213_131436_jpg.rf.3c7d4de0b146eae8c15e6df472329632.jpg</filename>
	<path>20220213_131436_jpg.rf.3c7d4de0b146eae8c15e6df472329632.jpg</path>
	<source>
		<database>roboflow.ai</database>
	</source>
	<size>
		<width>416</width>
		<height>416</height>
		<depth>3</depth>
	</size>
	<segmented>0</segmented>
	<object>
		<name>Bootlegger</name>
		<pose>Unspecified</pose>
		<truncated>0</truncated>
		<difficult>0</difficult>
		<occluded>0</occluded>
		<bndbox>
			<xmin>4</xmin>
			<xmax>417</xmax>
			<ymin>130</ymin>
			<ymax>390</ymax>
		</bndbox>
	</object>
	<object>
		<name>G-man</name>
		<pose>Unspecified</pose>
		<truncated>0</truncated>
		<difficult>0</difficult>
		<occluded>0</occluded>
		<bndbox>
			<xmin>67</xmin>
			<xmax>389</xmax>
			<ymin>19</ymin>
			<ymax>94</ymax>
		</bndbox>
	</object>
</annotation>
