<annotation>
	<folder></folder>
	<filename>20220213_110034_jpg.rf.0d87c711015aa9c2537eca635c7146ff.jpg</filename>
	<path>20220213_110034_jpg.rf.0d87c711015aa9c2537eca635c7146ff.jpg</path>
	<source>
		<database>roboflow.ai</database>
	</source>
	<size>
		<width>416</width>
		<height>416</height>
		<depth>3</depth>
	</size>
	<segmented>0</segmented>
	<object>
		<name>G-man</name>
		<pose>Unspecified</pose>
		<truncated>0</truncated>
		<difficult>0</difficult>
		<occluded>0</occluded>
		<bndbox>
			<xmin>99</xmin>
			<xmax>396</xmax>
			<ymin>239</ymin>
			<ymax>387</ymax>
		</bndbox>
	</object>
	<object>
		<name>Bootlegger</name>
		<pose>Unspecified</pose>
		<truncated>0</truncated>
		<difficult>0</difficult>
		<occluded>0</occluded>
		<bndbox>
			<xmin>107</xmin>
			<xmax>416</xmax>
			<ymin>5</ymin>
			<ymax>192</ymax>
		</bndbox>
	</object>
</annotation>
