<annotation>
	<folder></folder>
	<filename>20220213_110039_jpg.rf.c544ae53697a0c193b0f4c3d258382a7.jpg</filename>
	<path>20220213_110039_jpg.rf.c544ae53697a0c193b0f4c3d258382a7.jpg</path>
	<source>
		<database>roboflow.ai</database>
	</source>
	<size>
		<width>416</width>
		<height>416</height>
		<depth>3</depth>
	</size>
	<segmented>0</segmented>
	<object>
		<name>Bootlegger</name>
		<pose>Unspecified</pose>
		<truncated>0</truncated>
		<difficult>0</difficult>
		<occluded>0</occluded>
		<bndbox>
			<xmin>52</xmin>
			<xmax>381</xmax>
			<ymin>67</ymin>
			<ymax>244</ymax>
		</bndbox>
	</object>
	<object>
		<name>G-man</name>
		<pose>Unspecified</pose>
		<truncated>0</truncated>
		<difficult>0</difficult>
		<occluded>0</occluded>
		<bndbox>
			<xmin>47</xmin>
			<xmax>352</xmax>
			<ymin>299</ymin>
			<ymax>416</ymax>
		</bndbox>
	</object>
</annotation>
