<annotation>
	<folder></folder>
	<filename>20220213_131440-0-_jpg.rf.b1ac633691c8c97e334054bef3573bd4.jpg</filename>
	<path>20220213_131440-0-_jpg.rf.b1ac633691c8c97e334054bef3573bd4.jpg</path>
	<source>
		<database>roboflow.ai</database>
	</source>
	<size>
		<width>416</width>
		<height>416</height>
		<depth>3</depth>
	</size>
	<segmented>0</segmented>
	<object>
		<name>Bootlegger</name>
		<pose>Unspecified</pose>
		<truncated>0</truncated>
		<difficult>0</difficult>
		<occluded>0</occluded>
		<bndbox>
			<xmin>1</xmin>
			<xmax>412</xmax>
			<ymin>153</ymin>
			<ymax>409</ymax>
		</bndbox>
	</object>
	<object>
		<name>G-man</name>
		<pose>Unspecified</pose>
		<truncated>0</truncated>
		<difficult>0</difficult>
		<occluded>0</occluded>
		<bndbox>
			<xmin>84</xmin>
			<xmax>389</xmax>
			<ymin>20</ymin>
			<ymax>111</ymax>
		</bndbox>
	</object>
</annotation>
