<annotation>
	<folder></folder>
	<filename>20220213_110036-0-_jpg.rf.7efa4751ac8b1c3b6c45256f0de36edd.jpg</filename>
	<path>20220213_110036-0-_jpg.rf.7efa4751ac8b1c3b6c45256f0de36edd.jpg</path>
	<source>
		<database>roboflow.ai</database>
	</source>
	<size>
		<width>416</width>
		<height>416</height>
		<depth>3</depth>
	</size>
	<segmented>0</segmented>
	<object>
		<name>Bootlegger</name>
		<pose>Unspecified</pose>
		<truncated>0</truncated>
		<difficult>0</difficult>
		<occluded>0</occluded>
		<bndbox>
			<xmin>74</xmin>
			<xmax>404</xmax>
			<ymin>23</ymin>
			<ymax>195</ymax>
		</bndbox>
	</object>
	<object>
		<name>G-man</name>
		<pose>Unspecified</pose>
		<truncated>0</truncated>
		<difficult>0</difficult>
		<occluded>0</occluded>
		<bndbox>
			<xmin>110</xmin>
			<xmax>388</xmax>
			<ymin>238</ymin>
			<ymax>373</ymax>
		</bndbox>
	</object>
</annotation>
