<annotation>
	<folder></folder>
	<filename>20220213_110350_jpg.rf.498bd41144231a41fa867284de65e13b.jpg</filename>
	<path>20220213_110350_jpg.rf.498bd41144231a41fa867284de65e13b.jpg</path>
	<source>
		<database>roboflow.ai</database>
	</source>
	<size>
		<width>416</width>
		<height>416</height>
		<depth>3</depth>
	</size>
	<segmented>0</segmented>
	<object>
		<name>Bootlegger</name>
		<pose>Unspecified</pose>
		<truncated>0</truncated>
		<difficult>0</difficult>
		<occluded>0</occluded>
		<bndbox>
			<xmin>33</xmin>
			<xmax>354</xmax>
			<ymin>40</ymin>
			<ymax>229</ymax>
		</bndbox>
	</object>
	<object>
		<name>G-man</name>
		<pose>Unspecified</pose>
		<truncated>0</truncated>
		<difficult>0</difficult>
		<occluded>0</occluded>
		<bndbox>
			<xmin>35</xmin>
			<xmax>327</xmax>
			<ymin>272</ymin>
			<ymax>416</ymax>
		</bndbox>
	</object>
</annotation>
