<annotation>
	<folder></folder>
	<filename>20220213_131424_jpg.rf.598e550ff084ac2500deed43760d78f0.jpg</filename>
	<path>20220213_131424_jpg.rf.598e550ff084ac2500deed43760d78f0.jpg</path>
	<source>
		<database>roboflow.ai</database>
	</source>
	<size>
		<width>416</width>
		<height>416</height>
		<depth>3</depth>
	</size>
	<segmented>0</segmented>
	<object>
		<name>G-man</name>
		<pose>Unspecified</pose>
		<truncated>0</truncated>
		<difficult>0</difficult>
		<occluded>0</occluded>
		<bndbox>
			<xmin>68</xmin>
			<xmax>372</xmax>
			<ymin>245</ymin>
			<ymax>380</ymax>
		</bndbox>
	</object>
	<object>
		<name>Bootlegger</name>
		<pose>Unspecified</pose>
		<truncated>0</truncated>
		<difficult>0</difficult>
		<occluded>0</occluded>
		<bndbox>
			<xmin>74</xmin>
			<xmax>416</xmax>
			<ymin>1</ymin>
			<ymax>185</ymax>
		</bndbox>
	</object>
</annotation>
