<annotation>
	<folder></folder>
	<filename>20220213_110256-0-_jpg.rf.f5b1d2a28248912176f4ace9e9827f74.jpg</filename>
	<path>20220213_110256-0-_jpg.rf.f5b1d2a28248912176f4ace9e9827f74.jpg</path>
	<source>
		<database>roboflow.ai</database>
	</source>
	<size>
		<width>416</width>
		<height>416</height>
		<depth>3</depth>
	</size>
	<segmented>0</segmented>
	<object>
		<name>Bootlegger</name>
		<pose>Unspecified</pose>
		<truncated>0</truncated>
		<difficult>0</difficult>
		<occluded>0</occluded>
		<bndbox>
			<xmin>262</xmin>
			<xmax>417</xmax>
			<ymin>157</ymin>
			<ymax>362</ymax>
		</bndbox>
	</object>
	<object>
		<name>G-man</name>
		<pose>Unspecified</pose>
		<truncated>0</truncated>
		<difficult>0</difficult>
		<occluded>0</occluded>
		<bndbox>
			<xmin>6</xmin>
			<xmax>201</xmax>
			<ymin>184</ymin>
			<ymax>367</ymax>
		</bndbox>
	</object>
</annotation>
