<annotation>
	<folder></folder>
	<filename>20220213_133055-0-_jpg.rf.60bce042e1ab4080e6f9bbd6bf892a1e.jpg</filename>
	<path>20220213_133055-0-_jpg.rf.60bce042e1ab4080e6f9bbd6bf892a1e.jpg</path>
	<source>
		<database>roboflow.ai</database>
	</source>
	<size>
		<width>416</width>
		<height>416</height>
		<depth>3</depth>
	</size>
	<segmented>0</segmented>
	<object>
		<name>Bootlegger</name>
		<pose>Unspecified</pose>
		<truncated>0</truncated>
		<difficult>0</difficult>
		<occluded>0</occluded>
		<bndbox>
			<xmin>21</xmin>
			<xmax>178</xmax>
			<ymin>39</ymin>
			<ymax>344</ymax>
		</bndbox>
	</object>
	<object>
		<name>G-man</name>
		<pose>Unspecified</pose>
		<truncated>0</truncated>
		<difficult>0</difficult>
		<occluded>0</occluded>
		<bndbox>
			<xmin>229</xmin>
			<xmax>385</xmax>
			<ymin>38</ymin>
			<ymax>360</ymax>
		</bndbox>
	</object>
</annotation>
