<annotation>
	<folder></folder>
	<filename>20220213_130913_jpg.rf.2add6ea7658b7fbbcbc41d202c14c2b1.jpg</filename>
	<path>20220213_130913_jpg.rf.2add6ea7658b7fbbcbc41d202c14c2b1.jpg</path>
	<source>
		<database>roboflow.ai</database>
	</source>
	<size>
		<width>416</width>
		<height>416</height>
		<depth>3</depth>
	</size>
	<segmented>0</segmented>
	<object>
		<name>Bootlegger</name>
		<pose>Unspecified</pose>
		<truncated>0</truncated>
		<difficult>0</difficult>
		<occluded>0</occluded>
		<bndbox>
			<xmin>107</xmin>
			<xmax>396</xmax>
			<ymin>29</ymin>
			<ymax>196</ymax>
		</bndbox>
	</object>
	<object>
		<name>G-man</name>
		<pose>Unspecified</pose>
		<truncated>0</truncated>
		<difficult>0</difficult>
		<occluded>0</occluded>
		<bndbox>
			<xmin>85</xmin>
			<xmax>378</xmax>
			<ymin>248</ymin>
			<ymax>392</ymax>
		</bndbox>
	</object>
</annotation>
