<annotation>
	<folder></folder>
	<filename>20220213_131417_jpg.rf.edba075653f35b967958e41816fef915.jpg</filename>
	<path>20220213_131417_jpg.rf.edba075653f35b967958e41816fef915.jpg</path>
	<source>
		<database>roboflow.ai</database>
	</source>
	<size>
		<width>416</width>
		<height>416</height>
		<depth>3</depth>
	</size>
	<segmented>0</segmented>
	<object>
		<name>G-man</name>
		<pose>Unspecified</pose>
		<truncated>0</truncated>
		<difficult>0</difficult>
		<occluded>0</occluded>
		<bndbox>
			<xmin>72</xmin>
			<xmax>396</xmax>
			<ymin>237</ymin>
			<ymax>385</ymax>
		</bndbox>
	</object>
	<object>
		<name>Bootlegger</name>
		<pose>Unspecified</pose>
		<truncated>0</truncated>
		<difficult>0</difficult>
		<occluded>0</occluded>
		<bndbox>
			<xmin>60</xmin>
			<xmax>416</xmax>
			<ymin>1</ymin>
			<ymax>176</ymax>
		</bndbox>
	</object>
</annotation>
