<annotation>
	<folder></folder>
	<filename>20220213_133324-0-_jpg.rf.9e9bef8504fa606cedc3e7f1b7d16862.jpg</filename>
	<path>20220213_133324-0-_jpg.rf.9e9bef8504fa606cedc3e7f1b7d16862.jpg</path>
	<source>
		<database>roboflow.ai</database>
	</source>
	<size>
		<width>416</width>
		<height>416</height>
		<depth>3</depth>
	</size>
	<segmented>0</segmented>
	<object>
		<name>Bootlegger</name>
		<pose>Unspecified</pose>
		<truncated>0</truncated>
		<difficult>0</difficult>
		<occluded>0</occluded>
		<bndbox>
			<xmin>273</xmin>
			<xmax>334</xmax>
			<ymin>40</ymin>
			<ymax>245</ymax>
		</bndbox>
	</object>
	<object>
		<name>G-man</name>
		<pose>Unspecified</pose>
		<truncated>0</truncated>
		<difficult>0</difficult>
		<occluded>0</occluded>
		<bndbox>
			<xmin>145</xmin>
			<xmax>265</xmax>
			<ymin>166</ymin>
			<ymax>342</ymax>
		</bndbox>
	</object>
</annotation>
