<annotation>
	<folder></folder>
	<filename>20220213_110035_jpg.rf.76ab09592da92b92b5f90bca56dbaff8.jpg</filename>
	<path>20220213_110035_jpg.rf.76ab09592da92b92b5f90bca56dbaff8.jpg</path>
	<source>
		<database>roboflow.ai</database>
	</source>
	<size>
		<width>416</width>
		<height>416</height>
		<depth>3</depth>
	</size>
	<segmented>0</segmented>
	<object>
		<name>Bootlegger</name>
		<pose>Unspecified</pose>
		<truncated>0</truncated>
		<difficult>0</difficult>
		<occluded>0</occluded>
		<bndbox>
			<xmin>78</xmin>
			<xmax>406</xmax>
			<ymin>24</ymin>
			<ymax>201</ymax>
		</bndbox>
	</object>
	<object>
		<name>G-man</name>
		<pose>Unspecified</pose>
		<truncated>0</truncated>
		<difficult>0</difficult>
		<occluded>0</occluded>
		<bndbox>
			<xmin>81</xmin>
			<xmax>393</xmax>
			<ymin>246</ymin>
			<ymax>386</ymax>
		</bndbox>
	</object>
</annotation>
