<annotation>
	<folder></folder>
	<filename>20220213_131413_jpg.rf.8fb9d0ed58bb17277118300b57694a65.jpg</filename>
	<path>20220213_131413_jpg.rf.8fb9d0ed58bb17277118300b57694a65.jpg</path>
	<source>
		<database>roboflow.ai</database>
	</source>
	<size>
		<width>416</width>
		<height>416</height>
		<depth>3</depth>
	</size>
	<segmented>0</segmented>
	<object>
		<name>G-man</name>
		<pose>Unspecified</pose>
		<truncated>0</truncated>
		<difficult>0</difficult>
		<occluded>0</occluded>
		<bndbox>
			<xmin>56</xmin>
			<xmax>392</xmax>
			<ymin>242</ymin>
			<ymax>417</ymax>
		</bndbox>
	</object>
	<object>
		<name>Bootlegger</name>
		<pose>Unspecified</pose>
		<truncated>0</truncated>
		<difficult>0</difficult>
		<occluded>0</occluded>
		<bndbox>
			<xmin>34</xmin>
			<xmax>400</xmax>
			<ymin>3</ymin>
			<ymax>193</ymax>
		</bndbox>
	</object>
</annotation>
