<annotation>
	<folder></folder>
	<filename>20220213_110254_jpg.rf.c897f25bde5967856feeb99e5410839f.jpg</filename>
	<path>20220213_110254_jpg.rf.c897f25bde5967856feeb99e5410839f.jpg</path>
	<source>
		<database>roboflow.ai</database>
	</source>
	<size>
		<width>416</width>
		<height>416</height>
		<depth>3</depth>
	</size>
	<segmented>0</segmented>
	<object>
		<name>Bootlegger</name>
		<pose>Unspecified</pose>
		<truncated>0</truncated>
		<difficult>0</difficult>
		<occluded>0</occluded>
		<bndbox>
			<xmin>274</xmin>
			<xmax>398</xmax>
			<ymin>58</ymin>
			<ymax>312</ymax>
		</bndbox>
	</object>
	<object>
		<name>G-man</name>
		<pose>Unspecified</pose>
		<truncated>0</truncated>
		<difficult>0</difficult>
		<occluded>0</occluded>
		<bndbox>
			<xmin>3</xmin>
			<xmax>213</xmax>
			<ymin>191</ymin>
			<ymax>374</ymax>
		</bndbox>
	</object>
</annotation>
