<annotation>
	<folder></folder>
	<filename>20220213_110057_jpg.rf.25edfd69bcb38d4e845a241fdae11519.jpg</filename>
	<path>20220213_110057_jpg.rf.25edfd69bcb38d4e845a241fdae11519.jpg</path>
	<source>
		<database>roboflow.ai</database>
	</source>
	<size>
		<width>416</width>
		<height>416</height>
		<depth>3</depth>
	</size>
	<segmented>0</segmented>
	<object>
		<name>Bootlegger</name>
		<pose>Unspecified</pose>
		<truncated>0</truncated>
		<difficult>0</difficult>
		<occluded>0</occluded>
		<bndbox>
			<xmin>85</xmin>
			<xmax>379</xmax>
			<ymin>18</ymin>
			<ymax>201</ymax>
		</bndbox>
	</object>
	<object>
		<name>G-man</name>
		<pose>Unspecified</pose>
		<truncated>0</truncated>
		<difficult>0</difficult>
		<occluded>0</occluded>
		<bndbox>
			<xmin>54</xmin>
			<xmax>344</xmax>
			<ymin>240</ymin>
			<ymax>387</ymax>
		</bndbox>
	</object>
</annotation>
