<annotation>
	<folder></folder>
	<filename>20220213_110439_jpg.rf.722ebaf8ba159e2454ad6c49616411ea.jpg</filename>
	<path>20220213_110439_jpg.rf.722ebaf8ba159e2454ad6c49616411ea.jpg</path>
	<source>
		<database>roboflow.ai</database>
	</source>
	<size>
		<width>416</width>
		<height>416</height>
		<depth>3</depth>
	</size>
	<segmented>0</segmented>
	<object>
		<name>G-man</name>
		<pose>Unspecified</pose>
		<truncated>0</truncated>
		<difficult>0</difficult>
		<occluded>0</occluded>
		<bndbox>
			<xmin>25</xmin>
			<xmax>348</xmax>
			<ymin>235</ymin>
			<ymax>413</ymax>
		</bndbox>
	</object>
	<object>
		<name>Bootlegger</name>
		<pose>Unspecified</pose>
		<truncated>0</truncated>
		<difficult>0</difficult>
		<occluded>0</occluded>
		<bndbox>
			<xmin>89</xmin>
			<xmax>363</xmax>
			<ymin>1</ymin>
			<ymax>205</ymax>
		</bndbox>
	</object>
</annotation>
