<annotation>
	<folder></folder>
	<filename>20220213_133055_jpg.rf.378b78aa9c9d773750a30f9a85c310a5.jpg</filename>
	<path>20220213_133055_jpg.rf.378b78aa9c9d773750a30f9a85c310a5.jpg</path>
	<source>
		<database>roboflow.ai</database>
	</source>
	<size>
		<width>416</width>
		<height>416</height>
		<depth>3</depth>
	</size>
	<segmented>0</segmented>
	<object>
		<name>Bootlegger</name>
		<pose>Unspecified</pose>
		<truncated>0</truncated>
		<difficult>0</difficult>
		<occluded>0</occluded>
		<bndbox>
			<xmin>29</xmin>
			<xmax>189</xmax>
			<ymin>42</ymin>
			<ymax>345</ymax>
		</bndbox>
	</object>
	<object>
		<name>G-man</name>
		<pose>Unspecified</pose>
		<truncated>0</truncated>
		<difficult>0</difficult>
		<occluded>0</occluded>
		<bndbox>
			<xmin>245</xmin>
			<xmax>401</xmax>
			<ymin>61</ymin>
			<ymax>355</ymax>
		</bndbox>
	</object>
</annotation>
