<annotation>
	<folder></folder>
	<filename>20220213_110033_jpg.rf.05ac3504605c09a742001465c43fa403.jpg</filename>
	<path>20220213_110033_jpg.rf.05ac3504605c09a742001465c43fa403.jpg</path>
	<source>
		<database>roboflow.ai</database>
	</source>
	<size>
		<width>416</width>
		<height>416</height>
		<depth>3</depth>
	</size>
	<segmented>0</segmented>
	<object>
		<name>G-man</name>
		<pose>Unspecified</pose>
		<truncated>0</truncated>
		<difficult>0</difficult>
		<occluded>0</occluded>
		<bndbox>
			<xmin>92</xmin>
			<xmax>392</xmax>
			<ymin>242</ymin>
			<ymax>393</ymax>
		</bndbox>
	</object>
	<object>
		<name>Bootlegger</name>
		<pose>Unspecified</pose>
		<truncated>0</truncated>
		<difficult>0</difficult>
		<occluded>0</occluded>
		<bndbox>
			<xmin>107</xmin>
			<xmax>404</xmax>
			<ymin>6</ymin>
			<ymax>197</ymax>
		</bndbox>
	</object>
</annotation>
