<annotation>
	<folder></folder>
	<filename>20220213_110341_jpg.rf.60fde4a689d3f0b3bb24eddf6a7277eb.jpg</filename>
	<path>20220213_110341_jpg.rf.60fde4a689d3f0b3bb24eddf6a7277eb.jpg</path>
	<source>
		<database>roboflow.ai</database>
	</source>
	<size>
		<width>416</width>
		<height>416</height>
		<depth>3</depth>
	</size>
	<segmented>0</segmented>
	<object>
		<name>Bootlegger</name>
		<pose>Unspecified</pose>
		<truncated>0</truncated>
		<difficult>0</difficult>
		<occluded>0</occluded>
		<bndbox>
			<xmin>235</xmin>
			<xmax>417</xmax>
			<ymin>10</ymin>
			<ymax>257</ymax>
		</bndbox>
	</object>
	<object>
		<name>G-man</name>
		<pose>Unspecified</pose>
		<truncated>0</truncated>
		<difficult>0</difficult>
		<occluded>0</occluded>
		<bndbox>
			<xmin>35</xmin>
			<xmax>312</xmax>
			<ymin>235</ymin>
			<ymax>416</ymax>
		</bndbox>
	</object>
</annotation>
