<annotation>
	<folder></folder>
	<filename>20220213_110346_jpg.rf.5fa44305f9db0dbaa9df1a7a19d680ba.jpg</filename>
	<path>20220213_110346_jpg.rf.5fa44305f9db0dbaa9df1a7a19d680ba.jpg</path>
	<source>
		<database>roboflow.ai</database>
	</source>
	<size>
		<width>416</width>
		<height>416</height>
		<depth>3</depth>
	</size>
	<segmented>0</segmented>
	<object>
		<name>Bootlegger</name>
		<pose>Unspecified</pose>
		<truncated>0</truncated>
		<difficult>0</difficult>
		<occluded>0</occluded>
		<bndbox>
			<xmin>52</xmin>
			<xmax>351</xmax>
			<ymin>20</ymin>
			<ymax>201</ymax>
		</bndbox>
	</object>
	<object>
		<name>G-man</name>
		<pose>Unspecified</pose>
		<truncated>0</truncated>
		<difficult>0</difficult>
		<occluded>0</occluded>
		<bndbox>
			<xmin>61</xmin>
			<xmax>333</xmax>
			<ymin>237</ymin>
			<ymax>392</ymax>
		</bndbox>
	</object>
</annotation>
