<annotation>
	<folder></folder>
	<filename>20220213_110347_jpg.rf.cc7be62ec60bff2659a180273000c580.jpg</filename>
	<path>20220213_110347_jpg.rf.cc7be62ec60bff2659a180273000c580.jpg</path>
	<source>
		<database>roboflow.ai</database>
	</source>
	<size>
		<width>416</width>
		<height>416</height>
		<depth>3</depth>
	</size>
	<segmented>0</segmented>
	<object>
		<name>Bootlegger</name>
		<pose>Unspecified</pose>
		<truncated>0</truncated>
		<difficult>0</difficult>
		<occluded>0</occluded>
		<bndbox>
			<xmin>46</xmin>
			<xmax>360</xmax>
			<ymin>20</ymin>
			<ymax>206</ymax>
		</bndbox>
	</object>
	<object>
		<name>G-man</name>
		<pose>Unspecified</pose>
		<truncated>0</truncated>
		<difficult>0</difficult>
		<occluded>0</occluded>
		<bndbox>
			<xmin>61</xmin>
			<xmax>333</xmax>
			<ymin>230</ymin>
			<ymax>380</ymax>
		</bndbox>
	</object>
</annotation>
