<annotation>
	<folder></folder>
	<filename>20220213_133829-0-_jpg.rf.ab7363d7aad4e21acc3ac70226beaadc.jpg</filename>
	<path>20220213_133829-0-_jpg.rf.ab7363d7aad4e21acc3ac70226beaadc.jpg</path>
	<source>
		<database>roboflow.ai</database>
	</source>
	<size>
		<width>416</width>
		<height>416</height>
		<depth>3</depth>
	</size>
	<segmented>0</segmented>
	<object>
		<name>Bootlegger</name>
		<pose>Unspecified</pose>
		<truncated>0</truncated>
		<difficult>0</difficult>
		<occluded>0</occluded>
		<bndbox>
			<xmin>56</xmin>
			<xmax>208</xmax>
			<ymin>78</ymin>
			<ymax>261</ymax>
		</bndbox>
	</object>
	<object>
		<name>G-man</name>
		<pose>Unspecified</pose>
		<truncated>0</truncated>
		<difficult>0</difficult>
		<occluded>0</occluded>
		<bndbox>
			<xmin>249</xmin>
			<xmax>371</xmax>
			<ymin>93</ymin>
			<ymax>292</ymax>
		</bndbox>
	</object>
</annotation>
