<annotation>
	<folder></folder>
	<filename>20220213_131415-0-_jpg.rf.5936890b257bd5a4b8d779e1f17a4043.jpg</filename>
	<path>20220213_131415-0-_jpg.rf.5936890b257bd5a4b8d779e1f17a4043.jpg</path>
	<source>
		<database>roboflow.ai</database>
	</source>
	<size>
		<width>416</width>
		<height>416</height>
		<depth>3</depth>
	</size>
	<segmented>0</segmented>
	<object>
		<name>G-man</name>
		<pose>Unspecified</pose>
		<truncated>0</truncated>
		<difficult>0</difficult>
		<occluded>0</occluded>
		<bndbox>
			<xmin>67</xmin>
			<xmax>384</xmax>
			<ymin>230</ymin>
			<ymax>383</ymax>
		</bndbox>
	</object>
	<object>
		<name>Bootlegger</name>
		<pose>Unspecified</pose>
		<truncated>0</truncated>
		<difficult>0</difficult>
		<occluded>0</occluded>
		<bndbox>
			<xmin>46</xmin>
			<xmax>397</xmax>
			<ymin>1</ymin>
			<ymax>167</ymax>
		</bndbox>
	</object>
</annotation>
