<annotation>
	<folder></folder>
	<filename>20220213_130915_jpg.rf.8fd01c10b110be707f6b6c5a16605a89.jpg</filename>
	<path>20220213_130915_jpg.rf.8fd01c10b110be707f6b6c5a16605a89.jpg</path>
	<source>
		<database>roboflow.ai</database>
	</source>
	<size>
		<width>416</width>
		<height>416</height>
		<depth>3</depth>
	</size>
	<segmented>0</segmented>
	<object>
		<name>Bootlegger</name>
		<pose>Unspecified</pose>
		<truncated>0</truncated>
		<difficult>0</difficult>
		<occluded>0</occluded>
		<bndbox>
			<xmin>119</xmin>
			<xmax>414</xmax>
			<ymin>25</ymin>
			<ymax>191</ymax>
		</bndbox>
	</object>
	<object>
		<name>G-man</name>
		<pose>Unspecified</pose>
		<truncated>0</truncated>
		<difficult>0</difficult>
		<occluded>0</occluded>
		<bndbox>
			<xmin>102</xmin>
			<xmax>381</xmax>
			<ymin>236</ymin>
			<ymax>389</ymax>
		</bndbox>
	</object>
</annotation>
