<annotation>
	<folder></folder>
	<filename>20220213_110357_jpg.rf.64b31647a76e8c6bebe798a8d04f5129.jpg</filename>
	<path>20220213_110357_jpg.rf.64b31647a76e8c6bebe798a8d04f5129.jpg</path>
	<source>
		<database>roboflow.ai</database>
	</source>
	<size>
		<width>416</width>
		<height>416</height>
		<depth>3</depth>
	</size>
	<segmented>0</segmented>
	<object>
		<name>Bootlegger</name>
		<pose>Unspecified</pose>
		<truncated>0</truncated>
		<difficult>0</difficult>
		<occluded>0</occluded>
		<bndbox>
			<xmin>24</xmin>
			<xmax>372</xmax>
			<ymin>29</ymin>
			<ymax>207</ymax>
		</bndbox>
	</object>
	<object>
		<name>G-man</name>
		<pose>Unspecified</pose>
		<truncated>0</truncated>
		<difficult>0</difficult>
		<occluded>0</occluded>
		<bndbox>
			<xmin>44</xmin>
			<xmax>334</xmax>
			<ymin>240</ymin>
			<ymax>402</ymax>
		</bndbox>
	</object>
</annotation>
