<annotation>
	<folder></folder>
	<filename>20220213_110024_jpg.rf.621e640497743cccc6587e752ac7f433.jpg</filename>
	<path>20220213_110024_jpg.rf.621e640497743cccc6587e752ac7f433.jpg</path>
	<source>
		<database>roboflow.ai</database>
	</source>
	<size>
		<width>416</width>
		<height>416</height>
		<depth>3</depth>
	</size>
	<segmented>0</segmented>
	<object>
		<name>G-man</name>
		<pose>Unspecified</pose>
		<truncated>0</truncated>
		<difficult>0</difficult>
		<occluded>0</occluded>
		<bndbox>
			<xmin>81</xmin>
			<xmax>382</xmax>
			<ymin>253</ymin>
			<ymax>381</ymax>
		</bndbox>
	</object>
	<object>
		<name>Bootlegger</name>
		<pose>Unspecified</pose>
		<truncated>0</truncated>
		<difficult>0</difficult>
		<occluded>0</occluded>
		<bndbox>
			<xmin>46</xmin>
			<xmax>399</xmax>
			<ymin>10</ymin>
			<ymax>198</ymax>
		</bndbox>
	</object>
</annotation>
