<annotation>
	<folder></folder>
	<filename>20220213_110040_jpg.rf.0ead715f6140e049f2c24594f2ff9954.jpg</filename>
	<path>20220213_110040_jpg.rf.0ead715f6140e049f2c24594f2ff9954.jpg</path>
	<source>
		<database>roboflow.ai</database>
	</source>
	<size>
		<width>416</width>
		<height>416</height>
		<depth>3</depth>
	</size>
	<segmented>0</segmented>
	<object>
		<name>Bootlegger</name>
		<pose>Unspecified</pose>
		<truncated>0</truncated>
		<difficult>0</difficult>
		<occluded>0</occluded>
		<bndbox>
			<xmin>46</xmin>
			<xmax>388</xmax>
			<ymin>37</ymin>
			<ymax>232</ymax>
		</bndbox>
	</object>
	<object>
		<name>G-man</name>
		<pose>Unspecified</pose>
		<truncated>0</truncated>
		<difficult>0</difficult>
		<occluded>0</occluded>
		<bndbox>
			<xmin>46</xmin>
			<xmax>368</xmax>
			<ymin>286</ymin>
			<ymax>417</ymax>
		</bndbox>
	</object>
</annotation>
