<annotation>
	<folder></folder>
	<filename>20220213_110338_jpg.rf.3980a772d695512d9950c687cd20007c.jpg</filename>
	<path>20220213_110338_jpg.rf.3980a772d695512d9950c687cd20007c.jpg</path>
	<source>
		<database>roboflow.ai</database>
	</source>
	<size>
		<width>416</width>
		<height>416</height>
		<depth>3</depth>
	</size>
	<segmented>0</segmented>
	<object>
		<name>Bootlegger</name>
		<pose>Unspecified</pose>
		<truncated>0</truncated>
		<difficult>0</difficult>
		<occluded>0</occluded>
		<bndbox>
			<xmin>148</xmin>
			<xmax>414</xmax>
			<ymin>1</ymin>
			<ymax>218</ymax>
		</bndbox>
	</object>
	<object>
		<name>G-man</name>
		<pose>Unspecified</pose>
		<truncated>0</truncated>
		<difficult>0</difficult>
		<occluded>0</occluded>
		<bndbox>
			<xmin>28</xmin>
			<xmax>358</xmax>
			<ymin>235</ymin>
			<ymax>402</ymax>
		</bndbox>
	</object>
</annotation>
