<annotation>
	<folder></folder>
	<filename>20220213_133053_jpg.rf.93f9f4d2ebf8f9eaf7510b8976268b73.jpg</filename>
	<path>20220213_133053_jpg.rf.93f9f4d2ebf8f9eaf7510b8976268b73.jpg</path>
	<source>
		<database>roboflow.ai</database>
	</source>
	<size>
		<width>416</width>
		<height>416</height>
		<depth>3</depth>
	</size>
	<segmented>0</segmented>
	<object>
		<name>Bootlegger</name>
		<pose>Unspecified</pose>
		<truncated>0</truncated>
		<difficult>0</difficult>
		<occluded>0</occluded>
		<bndbox>
			<xmin>36</xmin>
			<xmax>196</xmax>
			<ymin>53</ymin>
			<ymax>337</ymax>
		</bndbox>
	</object>
	<object>
		<name>G-man</name>
		<pose>Unspecified</pose>
		<truncated>0</truncated>
		<difficult>0</difficult>
		<occluded>0</occluded>
		<bndbox>
			<xmin>250</xmin>
			<xmax>394</xmax>
			<ymin>80</ymin>
			<ymax>343</ymax>
		</bndbox>
	</object>
</annotation>
