<annotation>
	<folder></folder>
	<filename>20220213_131059_jpg.rf.08463babff56d6ee11d07a413faeca63.jpg</filename>
	<path>20220213_131059_jpg.rf.08463babff56d6ee11d07a413faeca63.jpg</path>
	<source>
		<database>roboflow.ai</database>
	</source>
	<size>
		<width>416</width>
		<height>416</height>
		<depth>3</depth>
	</size>
	<segmented>0</segmented>
	<object>
		<name>Bootlegger</name>
		<pose>Unspecified</pose>
		<truncated>0</truncated>
		<difficult>0</difficult>
		<occluded>0</occluded>
		<bndbox>
			<xmin>1</xmin>
			<xmax>397</xmax>
			<ymin>100</ymin>
			<ymax>255</ymax>
		</bndbox>
	</object>
	<object>
		<name>G-man</name>
		<pose>Unspecified</pose>
		<truncated>0</truncated>
		<difficult>0</difficult>
		<occluded>0</occluded>
		<bndbox>
			<xmin>200</xmin>
			<xmax>416</xmax>
			<ymin>275</ymin>
			<ymax>416</ymax>
		</bndbox>
	</object>
</annotation>
