<annotation>
	<folder></folder>
	<filename>20220213_133326_jpg.rf.469f5fb20178d4eed404a698e0386513.jpg</filename>
	<path>20220213_133326_jpg.rf.469f5fb20178d4eed404a698e0386513.jpg</path>
	<source>
		<database>roboflow.ai</database>
	</source>
	<size>
		<width>416</width>
		<height>416</height>
		<depth>3</depth>
	</size>
	<segmented>0</segmented>
	<object>
		<name>Bootlegger</name>
		<pose>Unspecified</pose>
		<truncated>0</truncated>
		<difficult>0</difficult>
		<occluded>0</occluded>
		<bndbox>
			<xmin>175</xmin>
			<xmax>342</xmax>
			<ymin>73</ymin>
			<ymax>264</ymax>
		</bndbox>
	</object>
	<object>
		<name>G-man</name>
		<pose>Unspecified</pose>
		<truncated>0</truncated>
		<difficult>0</difficult>
		<occluded>0</occluded>
		<bndbox>
			<xmin>118</xmin>
			<xmax>335</xmax>
			<ymin>293</ymin>
			<ymax>416</ymax>
		</bndbox>
	</object>
</annotation>
