<annotation>
	<folder></folder>
	<filename>20220213_110337_jpg.rf.f03dae847ed5e857a8c849b4a73c20eb.jpg</filename>
	<path>20220213_110337_jpg.rf.f03dae847ed5e857a8c849b4a73c20eb.jpg</path>
	<source>
		<database>roboflow.ai</database>
	</source>
	<size>
		<width>416</width>
		<height>416</height>
		<depth>3</depth>
	</size>
	<segmented>0</segmented>
	<object>
		<name>G-man</name>
		<pose>Unspecified</pose>
		<truncated>0</truncated>
		<difficult>0</difficult>
		<occluded>0</occluded>
		<bndbox>
			<xmin>52</xmin>
			<xmax>345</xmax>
			<ymin>231</ymin>
			<ymax>404</ymax>
		</bndbox>
	</object>
	<object>
		<name>Bootlegger</name>
		<pose>Unspecified</pose>
		<truncated>0</truncated>
		<difficult>0</difficult>
		<occluded>0</occluded>
		<bndbox>
			<xmin>143</xmin>
			<xmax>416</xmax>
			<ymin>1</ymin>
			<ymax>208</ymax>
		</bndbox>
	</object>
</annotation>
