<annotation>
	<folder></folder>
	<filename>20220213_110407-0-_jpg.rf.d47c850320fc847289dd43bec057ea1c.jpg</filename>
	<path>20220213_110407-0-_jpg.rf.d47c850320fc847289dd43bec057ea1c.jpg</path>
	<source>
		<database>roboflow.ai</database>
	</source>
	<size>
		<width>416</width>
		<height>416</height>
		<depth>3</depth>
	</size>
	<segmented>0</segmented>
	<object>
		<name>G-man</name>
		<pose>Unspecified</pose>
		<truncated>0</truncated>
		<difficult>0</difficult>
		<occluded>0</occluded>
		<bndbox>
			<xmin>42</xmin>
			<xmax>356</xmax>
			<ymin>220</ymin>
			<ymax>393</ymax>
		</bndbox>
	</object>
	<object>
		<name>Bootlegger</name>
		<pose>Unspecified</pose>
		<truncated>0</truncated>
		<difficult>0</difficult>
		<occluded>0</occluded>
		<bndbox>
			<xmin>43</xmin>
			<xmax>366</xmax>
			<ymin>14</ymin>
			<ymax>171</ymax>
		</bndbox>
	</object>
</annotation>
