<annotation>
	<folder></folder>
	<filename>20220213_110346-0-_jpg.rf.dd8d22fcae2221108670ac84af4cf365.jpg</filename>
	<path>20220213_110346-0-_jpg.rf.dd8d22fcae2221108670ac84af4cf365.jpg</path>
	<source>
		<database>roboflow.ai</database>
	</source>
	<size>
		<width>416</width>
		<height>416</height>
		<depth>3</depth>
	</size>
	<segmented>0</segmented>
	<object>
		<name>Bootlegger</name>
		<pose>Unspecified</pose>
		<truncated>0</truncated>
		<difficult>0</difficult>
		<occluded>0</occluded>
		<bndbox>
			<xmin>51</xmin>
			<xmax>344</xmax>
			<ymin>38</ymin>
			<ymax>197</ymax>
		</bndbox>
	</object>
	<object>
		<name>G-man</name>
		<pose>Unspecified</pose>
		<truncated>0</truncated>
		<difficult>0</difficult>
		<occluded>0</occluded>
		<bndbox>
			<xmin>40</xmin>
			<xmax>346</xmax>
			<ymin>239</ymin>
			<ymax>413</ymax>
		</bndbox>
	</object>
</annotation>
