<annotation>
	<folder></folder>
	<filename>20220213_133829_jpg.rf.8d62c194f7c541297658977cbd992926.jpg</filename>
	<path>20220213_133829_jpg.rf.8d62c194f7c541297658977cbd992926.jpg</path>
	<source>
		<database>roboflow.ai</database>
	</source>
	<size>
		<width>416</width>
		<height>416</height>
		<depth>3</depth>
	</size>
	<segmented>0</segmented>
	<object>
		<name>Bootlegger</name>
		<pose>Unspecified</pose>
		<truncated>0</truncated>
		<difficult>0</difficult>
		<occluded>0</occluded>
		<bndbox>
			<xmin>88</xmin>
			<xmax>228</xmax>
			<ymin>71</ymin>
			<ymax>258</ymax>
		</bndbox>
	</object>
	<object>
		<name>G-man</name>
		<pose>Unspecified</pose>
		<truncated>0</truncated>
		<difficult>0</difficult>
		<occluded>0</occluded>
		<bndbox>
			<xmin>273</xmin>
			<xmax>400</xmax>
			<ymin>97</ymin>
			<ymax>299</ymax>
		</bndbox>
	</object>
</annotation>
