<annotation>
	<folder></folder>
	<filename>20220213_130917-0-_jpg.rf.ad1b5635aee397a48fdf980ff993adb2.jpg</filename>
	<path>20220213_130917-0-_jpg.rf.ad1b5635aee397a48fdf980ff993adb2.jpg</path>
	<source>
		<database>roboflow.ai</database>
	</source>
	<size>
		<width>416</width>
		<height>416</height>
		<depth>3</depth>
	</size>
	<segmented>0</segmented>
	<object>
		<name>Bootlegger</name>
		<pose>Unspecified</pose>
		<truncated>0</truncated>
		<difficult>0</difficult>
		<occluded>0</occluded>
		<bndbox>
			<xmin>100</xmin>
			<xmax>415</xmax>
			<ymin>30</ymin>
			<ymax>194</ymax>
		</bndbox>
	</object>
	<object>
		<name>G-man</name>
		<pose>Unspecified</pose>
		<truncated>0</truncated>
		<difficult>0</difficult>
		<occluded>0</occluded>
		<bndbox>
			<xmin>85</xmin>
			<xmax>395</xmax>
			<ymin>241</ymin>
			<ymax>396</ymax>
		</bndbox>
	</object>
</annotation>
