<annotation>
	<folder></folder>
	<filename>20220213_133104-0-_jpg.rf.842f5a423b98cbebfcbf735716d4d672.jpg</filename>
	<path>20220213_133104-0-_jpg.rf.842f5a423b98cbebfcbf735716d4d672.jpg</path>
	<source>
		<database>roboflow.ai</database>
	</source>
	<size>
		<width>416</width>
		<height>416</height>
		<depth>3</depth>
	</size>
	<segmented>0</segmented>
	<object>
		<name>Bootlegger</name>
		<pose>Unspecified</pose>
		<truncated>0</truncated>
		<difficult>0</difficult>
		<occluded>0</occluded>
		<bndbox>
			<xmin>2</xmin>
			<xmax>176</xmax>
			<ymin>8</ymin>
			<ymax>323</ymax>
		</bndbox>
	</object>
	<object>
		<name>G-man</name>
		<pose>Unspecified</pose>
		<truncated>0</truncated>
		<difficult>0</difficult>
		<occluded>0</occluded>
		<bndbox>
			<xmin>222</xmin>
			<xmax>374</xmax>
			<ymin>75</ymin>
			<ymax>357</ymax>
		</bndbox>
	</object>
</annotation>
