<annotation>
	<folder></folder>
	<filename>20220213_133105_jpg.rf.b4c4a2a0e413fb75b2ef1f7cada07063.jpg</filename>
	<path>20220213_133105_jpg.rf.b4c4a2a0e413fb75b2ef1f7cada07063.jpg</path>
	<source>
		<database>roboflow.ai</database>
	</source>
	<size>
		<width>416</width>
		<height>416</height>
		<depth>3</depth>
	</size>
	<segmented>0</segmented>
	<object>
		<name>Bootlegger</name>
		<pose>Unspecified</pose>
		<truncated>0</truncated>
		<difficult>0</difficult>
		<occluded>0</occluded>
		<bndbox>
			<xmin>3</xmin>
			<xmax>195</xmax>
			<ymin>8</ymin>
			<ymax>359</ymax>
		</bndbox>
	</object>
	<object>
		<name>G-man</name>
		<pose>Unspecified</pose>
		<truncated>0</truncated>
		<difficult>0</difficult>
		<occluded>0</occluded>
		<bndbox>
			<xmin>241</xmin>
			<xmax>406</xmax>
			<ymin>75</ymin>
			<ymax>376</ymax>
		</bndbox>
	</object>
</annotation>
