<annotation>
	<folder></folder>
	<filename>20220213_133108-0-_jpg.rf.b6888ce9ad240f2e6ea2e79a1b9a51c8.jpg</filename>
	<path>20220213_133108-0-_jpg.rf.b6888ce9ad240f2e6ea2e79a1b9a51c8.jpg</path>
	<source>
		<database>roboflow.ai</database>
	</source>
	<size>
		<width>416</width>
		<height>416</height>
		<depth>3</depth>
	</size>
	<segmented>0</segmented>
	<object>
		<name>G-man</name>
		<pose>Unspecified</pose>
		<truncated>0</truncated>
		<difficult>0</difficult>
		<occluded>0</occluded>
		<bndbox>
			<xmin>164</xmin>
			<xmax>416</xmax>
			<ymin>1</ymin>
			<ymax>416</ymax>
		</bndbox>
	</object>
</annotation>
