<annotation>
	<folder></folder>
	<filename>20220213_110047_jpg.rf.92bb4a8bedc181a8e543ce062b97c231.jpg</filename>
	<path>20220213_110047_jpg.rf.92bb4a8bedc181a8e543ce062b97c231.jpg</path>
	<source>
		<database>roboflow.ai</database>
	</source>
	<size>
		<width>416</width>
		<height>416</height>
		<depth>3</depth>
	</size>
	<segmented>0</segmented>
	<object>
		<name>G-man</name>
		<pose>Unspecified</pose>
		<truncated>0</truncated>
		<difficult>0</difficult>
		<occluded>0</occluded>
		<bndbox>
			<xmin>3</xmin>
			<xmax>394</xmax>
			<ymin>152</ymin>
			<ymax>392</ymax>
		</bndbox>
	</object>
</annotation>
