<annotation>
	<folder></folder>
	<filename>20220213_134058_jpg.rf.40fe8f0e2f3e8a0695f89c742819cd11.jpg</filename>
	<path>20220213_134058_jpg.rf.40fe8f0e2f3e8a0695f89c742819cd11.jpg</path>
	<source>
		<database>roboflow.ai</database>
	</source>
	<size>
		<width>416</width>
		<height>416</height>
		<depth>3</depth>
	</size>
	<segmented>0</segmented>
	<object>
		<name>Bootlegger</name>
		<pose>Unspecified</pose>
		<truncated>0</truncated>
		<difficult>0</difficult>
		<occluded>0</occluded>
		<bndbox>
			<xmin>3</xmin>
			<xmax>325</xmax>
			<ymin>69</ymin>
			<ymax>206</ymax>
		</bndbox>
	</object>
	<object>
		<name>G-man</name>
		<pose>Unspecified</pose>
		<truncated>0</truncated>
		<difficult>0</difficult>
		<occluded>0</occluded>
		<bndbox>
			<xmin>126</xmin>
			<xmax>372</xmax>
			<ymin>239</ymin>
			<ymax>416</ymax>
		</bndbox>
	</object>
</annotation>
