<annotation>
	<folder></folder>
	<filename>20220213_133107_jpg.rf.97bbe377b77d64c947ba89f119fae82e.jpg</filename>
	<path>20220213_133107_jpg.rf.97bbe377b77d64c947ba89f119fae82e.jpg</path>
	<source>
		<database>roboflow.ai</database>
	</source>
	<size>
		<width>416</width>
		<height>416</height>
		<depth>3</depth>
	</size>
	<segmented>0</segmented>
	<object>
		<name>G-man</name>
		<pose>Unspecified</pose>
		<truncated>0</truncated>
		<difficult>0</difficult>
		<occluded>0</occluded>
		<bndbox>
			<xmin>190</xmin>
			<xmax>406</xmax>
			<ymin>25</ymin>
			<ymax>417</ymax>
		</bndbox>
	</object>
</annotation>
