<annotation>
	<folder></folder>
	<filename>20220213_130910_jpg.rf.26a26fdca92f222c62e5c9d2bdc57836.jpg</filename>
	<path>20220213_130910_jpg.rf.26a26fdca92f222c62e5c9d2bdc57836.jpg</path>
	<source>
		<database>roboflow.ai</database>
	</source>
	<size>
		<width>416</width>
		<height>416</height>
		<depth>3</depth>
	</size>
	<segmented>0</segmented>
	<object>
		<name>Bootlegger</name>
		<pose>Unspecified</pose>
		<truncated>0</truncated>
		<difficult>0</difficult>
		<occluded>0</occluded>
		<bndbox>
			<xmin>89</xmin>
			<xmax>366</xmax>
			<ymin>42</ymin>
			<ymax>209</ymax>
		</bndbox>
	</object>
	<object>
		<name>G-man</name>
		<pose>Unspecified</pose>
		<truncated>0</truncated>
		<difficult>0</difficult>
		<occluded>0</occluded>
		<bndbox>
			<xmin>74</xmin>
			<xmax>342</xmax>
			<ymin>254</ymin>
			<ymax>396</ymax>
		</bndbox>
	</object>
</annotation>
