<annotation>
	<folder></folder>
	<filename>20220213_110408_jpg.rf.8b8d05be564812c033bd5652d3593fba.jpg</filename>
	<path>20220213_110408_jpg.rf.8b8d05be564812c033bd5652d3593fba.jpg</path>
	<source>
		<database>roboflow.ai</database>
	</source>
	<size>
		<width>416</width>
		<height>416</height>
		<depth>3</depth>
	</size>
	<segmented>0</segmented>
	<object>
		<name>G-man</name>
		<pose>Unspecified</pose>
		<truncated>0</truncated>
		<difficult>0</difficult>
		<occluded>0</occluded>
		<bndbox>
			<xmin>64</xmin>
			<xmax>395</xmax>
			<ymin>221</ymin>
			<ymax>387</ymax>
		</bndbox>
	</object>
	<object>
		<name>Bootlegger</name>
		<pose>Unspecified</pose>
		<truncated>0</truncated>
		<difficult>0</difficult>
		<occluded>0</occluded>
		<bndbox>
			<xmin>41</xmin>
			<xmax>369</xmax>
			<ymin>16</ymin>
			<ymax>167</ymax>
		</bndbox>
	</object>
</annotation>
