<annotation>
	<folder></folder>
	<filename>20220213_131107-0-_jpg.rf.7663c13eeb11d02de714bde3612a0244.jpg</filename>
	<path>20220213_131107-0-_jpg.rf.7663c13eeb11d02de714bde3612a0244.jpg</path>
	<source>
		<database>roboflow.ai</database>
	</source>
	<size>
		<width>416</width>
		<height>416</height>
		<depth>3</depth>
	</size>
	<segmented>0</segmented>
	<object>
		<name>Bootlegger</name>
		<pose>Unspecified</pose>
		<truncated>0</truncated>
		<difficult>0</difficult>
		<occluded>0</occluded>
		<bndbox>
			<xmin>55</xmin>
			<xmax>299</xmax>
			<ymin>26</ymin>
			<ymax>416</ymax>
		</bndbox>
	</object>
</annotation>
