<annotation>
	<folder></folder>
	<filename>20220213_131443_jpg.rf.139a49ee9d20311a7d185a09ef22c45d.jpg</filename>
	<path>20220213_131443_jpg.rf.139a49ee9d20311a7d185a09ef22c45d.jpg</path>
	<source>
		<database>roboflow.ai</database>
	</source>
	<size>
		<width>416</width>
		<height>416</height>
		<depth>3</depth>
	</size>
	<segmented>0</segmented>
	<object>
		<name>Bootlegger</name>
		<pose>Unspecified</pose>
		<truncated>0</truncated>
		<difficult>0</difficult>
		<occluded>0</occluded>
		<bndbox>
			<xmin>7</xmin>
			<xmax>378</xmax>
			<ymin>170</ymin>
			<ymax>416</ymax>
		</bndbox>
	</object>
	<object>
		<name>G-man</name>
		<pose>Unspecified</pose>
		<truncated>0</truncated>
		<difficult>0</difficult>
		<occluded>0</occluded>
		<bndbox>
			<xmin>59</xmin>
			<xmax>381</xmax>
			<ymin>1</ymin>
			<ymax>122</ymax>
		</bndbox>
	</object>
</annotation>
