<annotation>
	<folder></folder>
	<filename>20220213_130912_jpg.rf.66b6a6326cf242e3060f2af01aafe2c0.jpg</filename>
	<path>20220213_130912_jpg.rf.66b6a6326cf242e3060f2af01aafe2c0.jpg</path>
	<source>
		<database>roboflow.ai</database>
	</source>
	<size>
		<width>416</width>
		<height>416</height>
		<depth>3</depth>
	</size>
	<segmented>0</segmented>
	<object>
		<name>Bootlegger</name>
		<pose>Unspecified</pose>
		<truncated>0</truncated>
		<difficult>0</difficult>
		<occluded>0</occluded>
		<bndbox>
			<xmin>54</xmin>
			<xmax>390</xmax>
			<ymin>31</ymin>
			<ymax>206</ymax>
		</bndbox>
	</object>
	<object>
		<name>G-man</name>
		<pose>Unspecified</pose>
		<truncated>0</truncated>
		<difficult>0</difficult>
		<occluded>0</occluded>
		<bndbox>
			<xmin>77</xmin>
			<xmax>372</xmax>
			<ymin>235</ymin>
			<ymax>416</ymax>
		</bndbox>
	</object>
</annotation>
