<annotation>
	<folder></folder>
	<filename>20220213_131132_jpg.rf.276f8cd0354758b19ee4985e59253f83.jpg</filename>
	<path>20220213_131132_jpg.rf.276f8cd0354758b19ee4985e59253f83.jpg</path>
	<source>
		<database>roboflow.ai</database>
	</source>
	<size>
		<width>416</width>
		<height>416</height>
		<depth>3</depth>
	</size>
	<segmented>0</segmented>
	<object>
		<name>Bootlegger</name>
		<pose>Unspecified</pose>
		<truncated>0</truncated>
		<difficult>0</difficult>
		<occluded>0</occluded>
		<bndbox>
			<xmin>76</xmin>
			<xmax>155</xmax>
			<ymin>75</ymin>
			<ymax>417</ymax>
		</bndbox>
	</object>
	<object>
		<name>G-man</name>
		<pose>Unspecified</pose>
		<truncated>0</truncated>
		<difficult>0</difficult>
		<occluded>0</occluded>
		<bndbox>
			<xmin>224</xmin>
			<xmax>401</xmax>
			<ymin>1</ymin>
			<ymax>219</ymax>
		</bndbox>
	</object>
</annotation>
