<annotation>
	<folder></folder>
	<filename>20220213_133043_jpg.rf.5bacfa1e6581d925654d906417c61e13.jpg</filename>
	<path>20220213_133043_jpg.rf.5bacfa1e6581d925654d906417c61e13.jpg</path>
	<source>
		<database>roboflow.ai</database>
	</source>
	<size>
		<width>416</width>
		<height>416</height>
		<depth>3</depth>
	</size>
	<segmented>0</segmented>
	<object>
		<name>G-man</name>
		<pose>Unspecified</pose>
		<truncated>0</truncated>
		<difficult>0</difficult>
		<occluded>0</occluded>
		<bndbox>
			<xmin>258</xmin>
			<xmax>407</xmax>
			<ymin>59</ymin>
			<ymax>312</ymax>
		</bndbox>
	</object>
	<object>
		<name>Bootlegger</name>
		<pose>Unspecified</pose>
		<truncated>0</truncated>
		<difficult>0</difficult>
		<occluded>0</occluded>
		<bndbox>
			<xmin>36</xmin>
			<xmax>234</xmax>
			<ymin>13</ymin>
			<ymax>225</ymax>
		</bndbox>
	</object>
</annotation>
