<annotation>
	<folder></folder>
	<filename>20220213_131422_jpg.rf.be3286a586b512f9b2f14c167ae3414c.jpg</filename>
	<path>20220213_131422_jpg.rf.be3286a586b512f9b2f14c167ae3414c.jpg</path>
	<source>
		<database>roboflow.ai</database>
	</source>
	<size>
		<width>416</width>
		<height>416</height>
		<depth>3</depth>
	</size>
	<segmented>0</segmented>
	<object>
		<name>Bootlegger</name>
		<pose>Unspecified</pose>
		<truncated>0</truncated>
		<difficult>0</difficult>
		<occluded>0</occluded>
		<bndbox>
			<xmin>46</xmin>
			<xmax>416</xmax>
			<ymin>19</ymin>
			<ymax>217</ymax>
		</bndbox>
	</object>
	<object>
		<name>G-man</name>
		<pose>Unspecified</pose>
		<truncated>0</truncated>
		<difficult>0</difficult>
		<occluded>0</occluded>
		<bndbox>
			<xmin>73</xmin>
			<xmax>406</xmax>
			<ymin>271</ymin>
			<ymax>416</ymax>
		</bndbox>
	</object>
</annotation>
