<annotation>
	<folder></folder>
	<filename>20220213_131414_jpg.rf.335358a4d6dd4955cfc588f17cf8ae38.jpg</filename>
	<path>20220213_131414_jpg.rf.335358a4d6dd4955cfc588f17cf8ae38.jpg</path>
	<source>
		<database>roboflow.ai</database>
	</source>
	<size>
		<width>416</width>
		<height>416</height>
		<depth>3</depth>
	</size>
	<segmented>0</segmented>
	<object>
		<name>G-man</name>
		<pose>Unspecified</pose>
		<truncated>0</truncated>
		<difficult>0</difficult>
		<occluded>0</occluded>
		<bndbox>
			<xmin>55</xmin>
			<xmax>390</xmax>
			<ymin>235</ymin>
			<ymax>405</ymax>
		</bndbox>
	</object>
	<object>
		<name>Bootlegger</name>
		<pose>Unspecified</pose>
		<truncated>0</truncated>
		<difficult>0</difficult>
		<occluded>0</occluded>
		<bndbox>
			<xmin>27</xmin>
			<xmax>402</xmax>
			<ymin>1</ymin>
			<ymax>178</ymax>
		</bndbox>
	</object>
</annotation>
