<annotation>
	<folder></folder>
	<filename>20220213_110046_jpg.rf.58d6d3f766b62069ab65ae18f346de3a.jpg</filename>
	<path>20220213_110046_jpg.rf.58d6d3f766b62069ab65ae18f346de3a.jpg</path>
	<source>
		<database>roboflow.ai</database>
	</source>
	<size>
		<width>416</width>
		<height>416</height>
		<depth>3</depth>
	</size>
	<segmented>0</segmented>
	<object>
		<name>G-man</name>
		<pose>Unspecified</pose>
		<truncated>0</truncated>
		<difficult>0</difficult>
		<occluded>0</occluded>
		<bndbox>
			<xmin>46</xmin>
			<xmax>375</xmax>
			<ymin>147</ymin>
			<ymax>326</ymax>
		</bndbox>
	</object>
</annotation>
