<annotation>
	<folder></folder>
	<filename>20220213_133102_jpg.rf.7de63ddf163e520cfa71a881fd9c8c92.jpg</filename>
	<path>20220213_133102_jpg.rf.7de63ddf163e520cfa71a881fd9c8c92.jpg</path>
	<source>
		<database>roboflow.ai</database>
	</source>
	<size>
		<width>416</width>
		<height>416</height>
		<depth>3</depth>
	</size>
	<segmented>0</segmented>
	<object>
		<name>Bootlegger</name>
		<pose>Unspecified</pose>
		<truncated>0</truncated>
		<difficult>0</difficult>
		<occluded>0</occluded>
		<bndbox>
			<xmin>1</xmin>
			<xmax>173</xmax>
			<ymin>32</ymin>
			<ymax>349</ymax>
		</bndbox>
	</object>
	<object>
		<name>G-man</name>
		<pose>Unspecified</pose>
		<truncated>0</truncated>
		<difficult>0</difficult>
		<occluded>0</occluded>
		<bndbox>
			<xmin>214</xmin>
			<xmax>364</xmax>
			<ymin>80</ymin>
			<ymax>346</ymax>
		</bndbox>
	</object>
</annotation>
