<annotation>
	<folder></folder>
	<filename>20220213_131441_jpg.rf.2a915d574023c0a8aca2f814d46b7b96.jpg</filename>
	<path>20220213_131441_jpg.rf.2a915d574023c0a8aca2f814d46b7b96.jpg</path>
	<source>
		<database>roboflow.ai</database>
	</source>
	<size>
		<width>416</width>
		<height>416</height>
		<depth>3</depth>
	</size>
	<segmented>0</segmented>
	<object>
		<name>Bootlegger</name>
		<pose>Unspecified</pose>
		<truncated>0</truncated>
		<difficult>0</difficult>
		<occluded>0</occluded>
		<bndbox>
			<xmin>1</xmin>
			<xmax>417</xmax>
			<ymin>156</ymin>
			<ymax>409</ymax>
		</bndbox>
	</object>
	<object>
		<name>G-man</name>
		<pose>Unspecified</pose>
		<truncated>0</truncated>
		<difficult>0</difficult>
		<occluded>0</occluded>
		<bndbox>
			<xmin>75</xmin>
			<xmax>391</xmax>
			<ymin>9</ymin>
			<ymax>109</ymax>
		</bndbox>
	</object>
</annotation>
