<annotation>
	<folder></folder>
	<filename>20220213_110336-0-_jpg.rf.dda1f7929a81d3873e7ef69f7c8c77f5.jpg</filename>
	<path>20220213_110336-0-_jpg.rf.dda1f7929a81d3873e7ef69f7c8c77f5.jpg</path>
	<source>
		<database>roboflow.ai</database>
	</source>
	<size>
		<width>416</width>
		<height>416</height>
		<depth>3</depth>
	</size>
	<segmented>0</segmented>
	<object>
		<name>Bootlegger</name>
		<pose>Unspecified</pose>
		<truncated>0</truncated>
		<difficult>0</difficult>
		<occluded>0</occluded>
		<bndbox>
			<xmin>111</xmin>
			<xmax>390</xmax>
			<ymin>9</ymin>
			<ymax>202</ymax>
		</bndbox>
	</object>
	<object>
		<name>G-man</name>
		<pose>Unspecified</pose>
		<truncated>0</truncated>
		<difficult>0</difficult>
		<occluded>0</occluded>
		<bndbox>
			<xmin>43</xmin>
			<xmax>351</xmax>
			<ymin>240</ymin>
			<ymax>406</ymax>
		</bndbox>
	</object>
</annotation>
