<annotation>
	<folder></folder>
	<filename>20220213_131143-0-_jpg.rf.4e17430706dde0413640cb7af8199e30.jpg</filename>
	<path>20220213_131143-0-_jpg.rf.4e17430706dde0413640cb7af8199e30.jpg</path>
	<source>
		<database>roboflow.ai</database>
	</source>
	<size>
		<width>416</width>
		<height>416</height>
		<depth>3</depth>
	</size>
	<segmented>0</segmented>
	<object>
		<name>G-man</name>
		<pose>Unspecified</pose>
		<truncated>0</truncated>
		<difficult>0</difficult>
		<occluded>0</occluded>
		<bndbox>
			<xmin>212</xmin>
			<xmax>405</xmax>
			<ymin>20</ymin>
			<ymax>391</ymax>
		</bndbox>
	</object>
</annotation>
