<annotation>
	<folder></folder>
	<filename>20220213_110045_jpg.rf.0db2d72bfd55f57c1b9531bff1672499.jpg</filename>
	<path>20220213_110045_jpg.rf.0db2d72bfd55f57c1b9531bff1672499.jpg</path>
	<source>
		<database>roboflow.ai</database>
	</source>
	<size>
		<width>416</width>
		<height>416</height>
		<depth>3</depth>
	</size>
	<segmented>0</segmented>
	<object>
		<name>G-man</name>
		<pose>Unspecified</pose>
		<truncated>0</truncated>
		<difficult>0</difficult>
		<occluded>0</occluded>
		<bndbox>
			<xmin>39</xmin>
			<xmax>382</xmax>
			<ymin>217</ymin>
			<ymax>388</ymax>
		</bndbox>
	</object>
	<object>
		<name>Bootlegger</name>
		<pose>Unspecified</pose>
		<truncated>0</truncated>
		<difficult>0</difficult>
		<occluded>0</occluded>
		<bndbox>
			<xmin>90</xmin>
			<xmax>417</xmax>
			<ymin>1</ymin>
			<ymax>166</ymax>
		</bndbox>
	</object>
</annotation>
