<annotation>
	<folder></folder>
	<filename>20220213_110041_jpg.rf.60d6d99043e26e3d1364aa8d9fa15019.jpg</filename>
	<path>20220213_110041_jpg.rf.60d6d99043e26e3d1364aa8d9fa15019.jpg</path>
	<source>
		<database>roboflow.ai</database>
	</source>
	<size>
		<width>416</width>
		<height>416</height>
		<depth>3</depth>
	</size>
	<segmented>0</segmented>
	<object>
		<name>Bootlegger</name>
		<pose>Unspecified</pose>
		<truncated>0</truncated>
		<difficult>0</difficult>
		<occluded>0</occluded>
		<bndbox>
			<xmin>25</xmin>
			<xmax>417</xmax>
			<ymin>33</ymin>
			<ymax>249</ymax>
		</bndbox>
	</object>
	<object>
		<name>G-man</name>
		<pose>Unspecified</pose>
		<truncated>0</truncated>
		<difficult>0</difficult>
		<occluded>0</occluded>
		<bndbox>
			<xmin>18</xmin>
			<xmax>400</xmax>
			<ymin>316</ymin>
			<ymax>417</ymax>
		</bndbox>
	</object>
</annotation>
