<annotation>
	<folder></folder>
	<filename>20220213_131420_jpg.rf.33b4ede8e75dcaad7d5b16e716e1d24e.jpg</filename>
	<path>20220213_131420_jpg.rf.33b4ede8e75dcaad7d5b16e716e1d24e.jpg</path>
	<source>
		<database>roboflow.ai</database>
	</source>
	<size>
		<width>416</width>
		<height>416</height>
		<depth>3</depth>
	</size>
	<segmented>0</segmented>
	<object>
		<name>Bootlegger</name>
		<pose>Unspecified</pose>
		<truncated>0</truncated>
		<difficult>0</difficult>
		<occluded>0</occluded>
		<bndbox>
			<xmin>43</xmin>
			<xmax>417</xmax>
			<ymin>10</ymin>
			<ymax>204</ymax>
		</bndbox>
	</object>
	<object>
		<name>G-man</name>
		<pose>Unspecified</pose>
		<truncated>0</truncated>
		<difficult>0</difficult>
		<occluded>0</occluded>
		<bndbox>
			<xmin>79</xmin>
			<xmax>405</xmax>
			<ymin>260</ymin>
			<ymax>414</ymax>
		</bndbox>
	</object>
</annotation>
