<annotation>
	<folder></folder>
	<filename>20220213_110244_jpg.rf.f9465b2fe8949756f8f5ed692b957895.jpg</filename>
	<path>20220213_110244_jpg.rf.f9465b2fe8949756f8f5ed692b957895.jpg</path>
	<source>
		<database>roboflow.ai</database>
	</source>
	<size>
		<width>416</width>
		<height>416</height>
		<depth>3</depth>
	</size>
	<segmented>0</segmented>
	<object>
		<name>Bootlegger</name>
		<pose>Unspecified</pose>
		<truncated>0</truncated>
		<difficult>0</difficult>
		<occluded>0</occluded>
		<bndbox>
			<xmin>244</xmin>
			<xmax>389</xmax>
			<ymin>28</ymin>
			<ymax>259</ymax>
		</bndbox>
	</object>
	<object>
		<name>G-man</name>
		<pose>Unspecified</pose>
		<truncated>0</truncated>
		<difficult>0</difficult>
		<occluded>0</occluded>
		<bndbox>
			<xmin>31</xmin>
			<xmax>294</xmax>
			<ymin>226</ymin>
			<ymax>388</ymax>
		</bndbox>
	</object>
</annotation>
