<annotation>
	<folder></folder>
	<filename>20220213_110038_jpg.rf.4d5232fe5779c42b0fa31b831fe42900.jpg</filename>
	<path>20220213_110038_jpg.rf.4d5232fe5779c42b0fa31b831fe42900.jpg</path>
	<source>
		<database>roboflow.ai</database>
	</source>
	<size>
		<width>416</width>
		<height>416</height>
		<depth>3</depth>
	</size>
	<segmented>0</segmented>
	<object>
		<name>G-man</name>
		<pose>Unspecified</pose>
		<truncated>0</truncated>
		<difficult>0</difficult>
		<occluded>0</occluded>
		<bndbox>
			<xmin>108</xmin>
			<xmax>362</xmax>
			<ymin>236</ymin>
			<ymax>349</ymax>
		</bndbox>
	</object>
	<object>
		<name>Bootlegger</name>
		<pose>Unspecified</pose>
		<truncated>0</truncated>
		<difficult>0</difficult>
		<occluded>0</occluded>
		<bndbox>
			<xmin>65</xmin>
			<xmax>394</xmax>
			<ymin>14</ymin>
			<ymax>184</ymax>
		</bndbox>
	</object>
</annotation>
