<annotation>
	<folder></folder>
	<filename>20220213_133314_jpg.rf.093b7437c146e4bcf30fb26437d9f344.jpg</filename>
	<path>20220213_133314_jpg.rf.093b7437c146e4bcf30fb26437d9f344.jpg</path>
	<source>
		<database>roboflow.ai</database>
	</source>
	<size>
		<width>416</width>
		<height>416</height>
		<depth>3</depth>
	</size>
	<segmented>0</segmented>
	<object>
		<name>G-man</name>
		<pose>Unspecified</pose>
		<truncated>0</truncated>
		<difficult>0</difficult>
		<occluded>0</occluded>
		<bndbox>
			<xmin>231</xmin>
			<xmax>354</xmax>
			<ymin>148</ymin>
			<ymax>280</ymax>
		</bndbox>
	</object>
	<object>
		<name>Bootlegger</name>
		<pose>Unspecified</pose>
		<truncated>0</truncated>
		<difficult>0</difficult>
		<occluded>0</occluded>
		<bndbox>
			<xmin>46</xmin>
			<xmax>192</xmax>
			<ymin>150</ymin>
			<ymax>280</ymax>
		</bndbox>
	</object>
</annotation>
