<annotation>
	<folder></folder>
	<filename>20220213_110258_jpg.rf.e1be6c2def681b811643efa0a0b2eab7.jpg</filename>
	<path>20220213_110258_jpg.rf.e1be6c2def681b811643efa0a0b2eab7.jpg</path>
	<source>
		<database>roboflow.ai</database>
	</source>
	<size>
		<width>416</width>
		<height>416</height>
		<depth>3</depth>
	</size>
	<segmented>0</segmented>
	<object>
		<name>G-man</name>
		<pose>Unspecified</pose>
		<truncated>0</truncated>
		<difficult>0</difficult>
		<occluded>0</occluded>
		<bndbox>
			<xmin>13</xmin>
			<xmax>184</xmax>
			<ymin>168</ymin>
			<ymax>359</ymax>
		</bndbox>
	</object>
	<object>
		<name>Bootlegger</name>
		<pose>Unspecified</pose>
		<truncated>0</truncated>
		<difficult>0</difficult>
		<occluded>0</occluded>
		<bndbox>
			<xmin>236</xmin>
			<xmax>416</xmax>
			<ymin>190</ymin>
			<ymax>375</ymax>
		</bndbox>
	</object>
</annotation>
