<annotation>
	<folder></folder>
	<filename>20220213_131410-0-_jpg.rf.45b3916f4aa65118141d3f15faa5c9b9.jpg</filename>
	<path>20220213_131410-0-_jpg.rf.45b3916f4aa65118141d3f15faa5c9b9.jpg</path>
	<source>
		<database>roboflow.ai</database>
	</source>
	<size>
		<width>416</width>
		<height>416</height>
		<depth>3</depth>
	</size>
	<segmented>0</segmented>
	<object>
		<name>Bootlegger</name>
		<pose>Unspecified</pose>
		<truncated>0</truncated>
		<difficult>0</difficult>
		<occluded>0</occluded>
		<bndbox>
			<xmin>112</xmin>
			<xmax>417</xmax>
			<ymin>13</ymin>
			<ymax>202</ymax>
		</bndbox>
	</object>
	<object>
		<name>G-man</name>
		<pose>Unspecified</pose>
		<truncated>0</truncated>
		<difficult>0</difficult>
		<occluded>0</occluded>
		<bndbox>
			<xmin>101</xmin>
			<xmax>417</xmax>
			<ymin>254</ymin>
			<ymax>413</ymax>
		</bndbox>
	</object>
</annotation>
