<annotation>
	<folder></folder>
	<filename>20220213_110334-0-_jpg.rf.ebef1ee1b7d42359a47d14a096c3b05c.jpg</filename>
	<path>20220213_110334-0-_jpg.rf.ebef1ee1b7d42359a47d14a096c3b05c.jpg</path>
	<source>
		<database>roboflow.ai</database>
	</source>
	<size>
		<width>416</width>
		<height>416</height>
		<depth>3</depth>
	</size>
	<segmented>0</segmented>
	<object>
		<name>Bootlegger</name>
		<pose>Unspecified</pose>
		<truncated>0</truncated>
		<difficult>0</difficult>
		<occluded>0</occluded>
		<bndbox>
			<xmin>53</xmin>
			<xmax>374</xmax>
			<ymin>34</ymin>
			<ymax>202</ymax>
		</bndbox>
	</object>
	<object>
		<name>G-man</name>
		<pose>Unspecified</pose>
		<truncated>0</truncated>
		<difficult>0</difficult>
		<occluded>0</occluded>
		<bndbox>
			<xmin>63</xmin>
			<xmax>364</xmax>
			<ymin>252</ymin>
			<ymax>414</ymax>
		</bndbox>
	</object>
</annotation>
