<annotation>
	<folder></folder>
	<filename>20220213_131422-0-_jpg.rf.0c3dade18a03d47e2750525ba44d5495.jpg</filename>
	<path>20220213_131422-0-_jpg.rf.0c3dade18a03d47e2750525ba44d5495.jpg</path>
	<source>
		<database>roboflow.ai</database>
	</source>
	<size>
		<width>416</width>
		<height>416</height>
		<depth>3</depth>
	</size>
	<segmented>0</segmented>
	<object>
		<name>G-man</name>
		<pose>Unspecified</pose>
		<truncated>0</truncated>
		<difficult>0</difficult>
		<occluded>0</occluded>
		<bndbox>
			<xmin>82</xmin>
			<xmax>413</xmax>
			<ymin>260</ymin>
			<ymax>404</ymax>
		</bndbox>
	</object>
	<object>
		<name>Bootlegger</name>
		<pose>Unspecified</pose>
		<truncated>0</truncated>
		<difficult>0</difficult>
		<occluded>0</occluded>
		<bndbox>
			<xmin>42</xmin>
			<xmax>416</xmax>
			<ymin>1</ymin>
			<ymax>196</ymax>
		</bndbox>
	</object>
</annotation>
