<annotation>
	<folder></folder>
	<filename>20220213_130910-0-_jpg.rf.211c3fbba26bda44de35d015a8ee0de0.jpg</filename>
	<path>20220213_130910-0-_jpg.rf.211c3fbba26bda44de35d015a8ee0de0.jpg</path>
	<source>
		<database>roboflow.ai</database>
	</source>
	<size>
		<width>416</width>
		<height>416</height>
		<depth>3</depth>
	</size>
	<segmented>0</segmented>
	<object>
		<name>Bootlegger</name>
		<pose>Unspecified</pose>
		<truncated>0</truncated>
		<difficult>0</difficult>
		<occluded>0</occluded>
		<bndbox>
			<xmin>65</xmin>
			<xmax>342</xmax>
			<ymin>52</ymin>
			<ymax>214</ymax>
		</bndbox>
	</object>
	<object>
		<name>G-man</name>
		<pose>Unspecified</pose>
		<truncated>0</truncated>
		<difficult>0</difficult>
		<occluded>0</occluded>
		<bndbox>
			<xmin>56</xmin>
			<xmax>326</xmax>
			<ymin>245</ymin>
			<ymax>386</ymax>
		</bndbox>
	</object>
</annotation>
