<annotation>
	<folder></folder>
	<filename>20220213_133110_jpg.rf.8f5671d4027b190bce97659fe18b8a96.jpg</filename>
	<path>20220213_133110_jpg.rf.8f5671d4027b190bce97659fe18b8a96.jpg</path>
	<source>
		<database>roboflow.ai</database>
	</source>
	<size>
		<width>416</width>
		<height>416</height>
		<depth>3</depth>
	</size>
	<segmented>0</segmented>
	<object>
		<name>G-man</name>
		<pose>Unspecified</pose>
		<truncated>0</truncated>
		<difficult>0</difficult>
		<occluded>0</occluded>
		<bndbox>
			<xmin>209</xmin>
			<xmax>417</xmax>
			<ymin>8</ymin>
			<ymax>402</ymax>
		</bndbox>
	</object>
</annotation>
