<annotation>
	<folder></folder>
	<filename>20220213_130914_jpg.rf.5b9f01b6863e334941b4ea01dff418d1.jpg</filename>
	<path>20220213_130914_jpg.rf.5b9f01b6863e334941b4ea01dff418d1.jpg</path>
	<source>
		<database>roboflow.ai</database>
	</source>
	<size>
		<width>416</width>
		<height>416</height>
		<depth>3</depth>
	</size>
	<segmented>0</segmented>
	<object>
		<name>Bootlegger</name>
		<pose>Unspecified</pose>
		<truncated>0</truncated>
		<difficult>0</difficult>
		<occluded>0</occluded>
		<bndbox>
			<xmin>96</xmin>
			<xmax>400</xmax>
			<ymin>20</ymin>
			<ymax>196</ymax>
		</bndbox>
	</object>
	<object>
		<name>G-man</name>
		<pose>Unspecified</pose>
		<truncated>0</truncated>
		<difficult>0</difficult>
		<occluded>0</occluded>
		<bndbox>
			<xmin>99</xmin>
			<xmax>383</xmax>
			<ymin>234</ymin>
			<ymax>384</ymax>
		</bndbox>
	</object>
</annotation>
