<annotation>
	<folder></folder>
	<filename>20220213_110339_jpg.rf.6624c7143a0bcfdb70fe32528d757550.jpg</filename>
	<path>20220213_110339_jpg.rf.6624c7143a0bcfdb70fe32528d757550.jpg</path>
	<source>
		<database>roboflow.ai</database>
	</source>
	<size>
		<width>416</width>
		<height>416</height>
		<depth>3</depth>
	</size>
	<segmented>0</segmented>
	<object>
		<name>Bootlegger</name>
		<pose>Unspecified</pose>
		<truncated>0</truncated>
		<difficult>0</difficult>
		<occluded>0</occluded>
		<bndbox>
			<xmin>183</xmin>
			<xmax>407</xmax>
			<ymin>5</ymin>
			<ymax>245</ymax>
		</bndbox>
	</object>
	<object>
		<name>G-man</name>
		<pose>Unspecified</pose>
		<truncated>0</truncated>
		<difficult>0</difficult>
		<occluded>0</occluded>
		<bndbox>
			<xmin>9</xmin>
			<xmax>349</xmax>
			<ymin>232</ymin>
			<ymax>396</ymax>
		</bndbox>
	</object>
</annotation>
