<annotation>
	<folder></folder>
	<filename>20220213_110409-0-_jpg.rf.3bc4541e70733eaad98256728b24f813.jpg</filename>
	<path>20220213_110409-0-_jpg.rf.3bc4541e70733eaad98256728b24f813.jpg</path>
	<source>
		<database>roboflow.ai</database>
	</source>
	<size>
		<width>416</width>
		<height>416</height>
		<depth>3</depth>
	</size>
	<segmented>0</segmented>
	<object>
		<name>G-man</name>
		<pose>Unspecified</pose>
		<truncated>0</truncated>
		<difficult>0</difficult>
		<occluded>0</occluded>
		<bndbox>
			<xmin>86</xmin>
			<xmax>393</xmax>
			<ymin>207</ymin>
			<ymax>383</ymax>
		</bndbox>
	</object>
	<object>
		<name>Bootlegger</name>
		<pose>Unspecified</pose>
		<truncated>0</truncated>
		<difficult>0</difficult>
		<occluded>0</occluded>
		<bndbox>
			<xmin>1</xmin>
			<xmax>333</xmax>
			<ymin>32</ymin>
			<ymax>158</ymax>
		</bndbox>
	</object>
</annotation>
