<annotation>
	<folder></folder>
	<filename>20220213_110448_jpg.rf.988186d18339bc4954be2824ed3e6af4.jpg</filename>
	<path>20220213_110448_jpg.rf.988186d18339bc4954be2824ed3e6af4.jpg</path>
	<source>
		<database>roboflow.ai</database>
	</source>
	<size>
		<width>416</width>
		<height>416</height>
		<depth>3</depth>
	</size>
	<segmented>0</segmented>
	<object>
		<name>Bootlegger</name>
		<pose>Unspecified</pose>
		<truncated>0</truncated>
		<difficult>0</difficult>
		<occluded>0</occluded>
		<bndbox>
			<xmin>39</xmin>
			<xmax>378</xmax>
			<ymin>242</ymin>
			<ymax>408</ymax>
		</bndbox>
	</object>
	<object>
		<name>G-man</name>
		<pose>Unspecified</pose>
		<truncated>0</truncated>
		<difficult>0</difficult>
		<occluded>0</occluded>
		<bndbox>
			<xmin>46</xmin>
			<xmax>369</xmax>
			<ymin>6</ymin>
			<ymax>191</ymax>
		</bndbox>
	</object>
</annotation>
