<annotation>
	<folder></folder>
	<filename>20220213_131423_jpg.rf.9c590d0b66e9a75e4a231a1e072a1286.jpg</filename>
	<path>20220213_131423_jpg.rf.9c590d0b66e9a75e4a231a1e072a1286.jpg</path>
	<source>
		<database>roboflow.ai</database>
	</source>
	<size>
		<width>416</width>
		<height>416</height>
		<depth>3</depth>
	</size>
	<segmented>0</segmented>
	<object>
		<name>G-man</name>
		<pose>Unspecified</pose>
		<truncated>0</truncated>
		<difficult>0</difficult>
		<occluded>0</occluded>
		<bndbox>
			<xmin>74</xmin>
			<xmax>376</xmax>
			<ymin>251</ymin>
			<ymax>382</ymax>
		</bndbox>
	</object>
	<object>
		<name>Bootlegger</name>
		<pose>Unspecified</pose>
		<truncated>0</truncated>
		<difficult>0</difficult>
		<occluded>0</occluded>
		<bndbox>
			<xmin>61</xmin>
			<xmax>417</xmax>
			<ymin>1</ymin>
			<ymax>185</ymax>
		</bndbox>
	</object>
</annotation>
