<annotation>
	<folder></folder>
	<filename>20220213_133101_jpg.rf.9b9e1581c322e6c5dee81c136e0ffc76.jpg</filename>
	<path>20220213_133101_jpg.rf.9b9e1581c322e6c5dee81c136e0ffc76.jpg</path>
	<source>
		<database>roboflow.ai</database>
	</source>
	<size>
		<width>416</width>
		<height>416</height>
		<depth>3</depth>
	</size>
	<segmented>0</segmented>
	<object>
		<name>Bootlegger</name>
		<pose>Unspecified</pose>
		<truncated>0</truncated>
		<difficult>0</difficult>
		<occluded>0</occluded>
		<bndbox>
			<xmin>24</xmin>
			<xmax>206</xmax>
			<ymin>43</ymin>
			<ymax>372</ymax>
		</bndbox>
	</object>
	<object>
		<name>G-man</name>
		<pose>Unspecified</pose>
		<truncated>0</truncated>
		<difficult>0</difficult>
		<occluded>0</occluded>
		<bndbox>
			<xmin>253</xmin>
			<xmax>417</xmax>
			<ymin>86</ymin>
			<ymax>369</ymax>
		</bndbox>
	</object>
</annotation>
