<annotation>
	<folder></folder>
	<filename>20220213_131051_jpg.rf.1acd7b8f7e8d1e8a39a9f56a25d730cf.jpg</filename>
	<path>20220213_131051_jpg.rf.1acd7b8f7e8d1e8a39a9f56a25d730cf.jpg</path>
	<source>
		<database>roboflow.ai</database>
	</source>
	<size>
		<width>416</width>
		<height>416</height>
		<depth>3</depth>
	</size>
	<segmented>0</segmented>
	<object>
		<name>Bootlegger</name>
		<pose>Unspecified</pose>
		<truncated>0</truncated>
		<difficult>0</difficult>
		<occluded>0</occluded>
		<bndbox>
			<xmin>7</xmin>
			<xmax>368</xmax>
			<ymin>49</ymin>
			<ymax>409</ymax>
		</bndbox>
	</object>
</annotation>
