<annotation>
	<folder></folder>
	<filename>20220213_131416_jpg.rf.2c1915b0ef82c0827e2bdeb7833d8848.jpg</filename>
	<path>20220213_131416_jpg.rf.2c1915b0ef82c0827e2bdeb7833d8848.jpg</path>
	<source>
		<database>roboflow.ai</database>
	</source>
	<size>
		<width>416</width>
		<height>416</height>
		<depth>3</depth>
	</size>
	<segmented>0</segmented>
	<object>
		<name>G-man</name>
		<pose>Unspecified</pose>
		<truncated>0</truncated>
		<difficult>0</difficult>
		<occluded>0</occluded>
		<bndbox>
			<xmin>79</xmin>
			<xmax>387</xmax>
			<ymin>240</ymin>
			<ymax>405</ymax>
		</bndbox>
	</object>
	<object>
		<name>Bootlegger</name>
		<pose>Unspecified</pose>
		<truncated>0</truncated>
		<difficult>0</difficult>
		<occluded>0</occluded>
		<bndbox>
			<xmin>35</xmin>
			<xmax>390</xmax>
			<ymin>1</ymin>
			<ymax>189</ymax>
		</bndbox>
	</object>
</annotation>
