<annotation>
	<folder></folder>
	<filename>20220213_110409_jpg.rf.70cc5b0309993f25383b942aaf41ce11.jpg</filename>
	<path>20220213_110409_jpg.rf.70cc5b0309993f25383b942aaf41ce11.jpg</path>
	<source>
		<database>roboflow.ai</database>
	</source>
	<size>
		<width>416</width>
		<height>416</height>
		<depth>3</depth>
	</size>
	<segmented>0</segmented>
	<object>
		<name>G-man</name>
		<pose>Unspecified</pose>
		<truncated>0</truncated>
		<difficult>0</difficult>
		<occluded>0</occluded>
		<bndbox>
			<xmin>78</xmin>
			<xmax>392</xmax>
			<ymin>214</ymin>
			<ymax>383</ymax>
		</bndbox>
	</object>
	<object>
		<name>Bootlegger</name>
		<pose>Unspecified</pose>
		<truncated>0</truncated>
		<difficult>0</difficult>
		<occluded>0</occluded>
		<bndbox>
			<xmin>9</xmin>
			<xmax>348</xmax>
			<ymin>26</ymin>
			<ymax>153</ymax>
		</bndbox>
	</object>
</annotation>
