<annotation>
	<folder></folder>
	<filename>20220213_133324_jpg.rf.da99c36023eae5c0a644feb2839635c1.jpg</filename>
	<path>20220213_133324_jpg.rf.da99c36023eae5c0a644feb2839635c1.jpg</path>
	<source>
		<database>roboflow.ai</database>
	</source>
	<size>
		<width>416</width>
		<height>416</height>
		<depth>3</depth>
	</size>
	<segmented>0</segmented>
	<object>
		<name>Bootlegger</name>
		<pose>Unspecified</pose>
		<truncated>0</truncated>
		<difficult>0</difficult>
		<occluded>0</occluded>
		<bndbox>
			<xmin>248</xmin>
			<xmax>327</xmax>
			<ymin>70</ymin>
			<ymax>252</ymax>
		</bndbox>
	</object>
	<object>
		<name>G-man</name>
		<pose>Unspecified</pose>
		<truncated>0</truncated>
		<difficult>0</difficult>
		<occluded>0</occluded>
		<bndbox>
			<xmin>131</xmin>
			<xmax>272</xmax>
			<ymin>208</ymin>
			<ymax>375</ymax>
		</bndbox>
	</object>
</annotation>
