<annotation>
	<folder></folder>
	<filename>20220213_110353_jpg.rf.4f1da98b0305d9f1e5d6e1a6697d4438.jpg</filename>
	<path>20220213_110353_jpg.rf.4f1da98b0305d9f1e5d6e1a6697d4438.jpg</path>
	<source>
		<database>roboflow.ai</database>
	</source>
	<size>
		<width>416</width>
		<height>416</height>
		<depth>3</depth>
	</size>
	<segmented>0</segmented>
	<object>
		<name>Bootlegger</name>
		<pose>Unspecified</pose>
		<truncated>0</truncated>
		<difficult>0</difficult>
		<occluded>0</occluded>
		<bndbox>
			<xmin>69</xmin>
			<xmax>335</xmax>
			<ymin>5</ymin>
			<ymax>220</ymax>
		</bndbox>
	</object>
	<object>
		<name>G-man</name>
		<pose>Unspecified</pose>
		<truncated>0</truncated>
		<difficult>0</difficult>
		<occluded>0</occluded>
		<bndbox>
			<xmin>7</xmin>
			<xmax>315</xmax>
			<ymin>249</ymin>
			<ymax>416</ymax>
		</bndbox>
	</object>
</annotation>
