<annotation>
	<folder></folder>
	<filename>20220213_110240_jpg.rf.164c85c390352d32a2144acd8cd3de68.jpg</filename>
	<path>20220213_110240_jpg.rf.164c85c390352d32a2144acd8cd3de68.jpg</path>
	<source>
		<database>roboflow.ai</database>
	</source>
	<size>
		<width>416</width>
		<height>416</height>
		<depth>3</depth>
	</size>
	<segmented>0</segmented>
	<object>
		<name>Bootlegger</name>
		<pose>Unspecified</pose>
		<truncated>0</truncated>
		<difficult>0</difficult>
		<occluded>0</occluded>
		<bndbox>
			<xmin>144</xmin>
			<xmax>395</xmax>
			<ymin>3</ymin>
			<ymax>214</ymax>
		</bndbox>
	</object>
	<object>
		<name>G-man</name>
		<pose>Unspecified</pose>
		<truncated>0</truncated>
		<difficult>0</difficult>
		<occluded>0</occluded>
		<bndbox>
			<xmin>79</xmin>
			<xmax>331</xmax>
			<ymin>223</ymin>
			<ymax>375</ymax>
		</bndbox>
	</object>
</annotation>
