<annotation>
	<folder></folder>
	<filename>20220213_110053_jpg.rf.19f279729e26aefb049df589345ed767.jpg</filename>
	<path>20220213_110053_jpg.rf.19f279729e26aefb049df589345ed767.jpg</path>
	<source>
		<database>roboflow.ai</database>
	</source>
	<size>
		<width>416</width>
		<height>416</height>
		<depth>3</depth>
	</size>
	<segmented>0</segmented>
	<object>
		<name>G-man</name>
		<pose>Unspecified</pose>
		<truncated>0</truncated>
		<difficult>0</difficult>
		<occluded>0</occluded>
		<bndbox>
			<xmin>110</xmin>
			<xmax>391</xmax>
			<ymin>242</ymin>
			<ymax>388</ymax>
		</bndbox>
	</object>
	<object>
		<name>Bootlegger</name>
		<pose>Unspecified</pose>
		<truncated>0</truncated>
		<difficult>0</difficult>
		<occluded>0</occluded>
		<bndbox>
			<xmin>137</xmin>
			<xmax>417</xmax>
			<ymin>5</ymin>
			<ymax>199</ymax>
		</bndbox>
	</object>
</annotation>
