<annotation>
	<folder></folder>
	<filename>20220213_131054_jpg.rf.7b72374413b5240052da81dd0a9c1e2e.jpg</filename>
	<path>20220213_131054_jpg.rf.7b72374413b5240052da81dd0a9c1e2e.jpg</path>
	<source>
		<database>roboflow.ai</database>
	</source>
	<size>
		<width>416</width>
		<height>416</height>
		<depth>3</depth>
	</size>
	<segmented>0</segmented>
	<object>
		<name>Bootlegger</name>
		<pose>Unspecified</pose>
		<truncated>0</truncated>
		<difficult>0</difficult>
		<occluded>0</occluded>
		<bndbox>
			<xmin>1</xmin>
			<xmax>416</xmax>
			<ymin>140</ymin>
			<ymax>325</ymax>
		</bndbox>
	</object>
</annotation>
