<annotation>
	<folder></folder>
	<filename>20220213_131409_jpg.rf.10a5cf980435ff842ea20b91df6481b2.jpg</filename>
	<path>20220213_131409_jpg.rf.10a5cf980435ff842ea20b91df6481b2.jpg</path>
	<source>
		<database>roboflow.ai</database>
	</source>
	<size>
		<width>416</width>
		<height>416</height>
		<depth>3</depth>
	</size>
	<segmented>0</segmented>
	<object>
		<name>Bootlegger</name>
		<pose>Unspecified</pose>
		<truncated>0</truncated>
		<difficult>0</difficult>
		<occluded>0</occluded>
		<bndbox>
			<xmin>74</xmin>
			<xmax>395</xmax>
			<ymin>16</ymin>
			<ymax>198</ymax>
		</bndbox>
	</object>
	<object>
		<name>G-man</name>
		<pose>Unspecified</pose>
		<truncated>0</truncated>
		<difficult>0</difficult>
		<occluded>0</occluded>
		<bndbox>
			<xmin>69</xmin>
			<xmax>385</xmax>
			<ymin>253</ymin>
			<ymax>410</ymax>
		</bndbox>
	</object>
</annotation>
