<annotation>
	<folder></folder>
	<filename>20220213_131411_jpg.rf.052f4a3369ee9d4477b5c95f9517cfdb.jpg</filename>
	<path>20220213_131411_jpg.rf.052f4a3369ee9d4477b5c95f9517cfdb.jpg</path>
	<source>
		<database>roboflow.ai</database>
	</source>
	<size>
		<width>416</width>
		<height>416</height>
		<depth>3</depth>
	</size>
	<segmented>0</segmented>
	<object>
		<name>Bootlegger</name>
		<pose>Unspecified</pose>
		<truncated>0</truncated>
		<difficult>0</difficult>
		<occluded>0</occluded>
		<bndbox>
			<xmin>114</xmin>
			<xmax>416</xmax>
			<ymin>11</ymin>
			<ymax>205</ymax>
		</bndbox>
	</object>
	<object>
		<name>G-man</name>
		<pose>Unspecified</pose>
		<truncated>0</truncated>
		<difficult>0</difficult>
		<occluded>0</occluded>
		<bndbox>
			<xmin>118</xmin>
			<xmax>416</xmax>
			<ymin>255</ymin>
			<ymax>416</ymax>
		</bndbox>
	</object>
</annotation>
