<annotation>
	<folder></folder>
	<filename>20220213_110027_jpg.rf.5a20257cfa61ddf35f23804432c8dec0.jpg</filename>
	<path>20220213_110027_jpg.rf.5a20257cfa61ddf35f23804432c8dec0.jpg</path>
	<source>
		<database>roboflow.ai</database>
	</source>
	<size>
		<width>416</width>
		<height>416</height>
		<depth>3</depth>
	</size>
	<segmented>0</segmented>
	<object>
		<name>Bootlegger</name>
		<pose>Unspecified</pose>
		<truncated>0</truncated>
		<difficult>0</difficult>
		<occluded>0</occluded>
		<bndbox>
			<xmin>74</xmin>
			<xmax>392</xmax>
			<ymin>34</ymin>
			<ymax>202</ymax>
		</bndbox>
	</object>
	<object>
		<name>G-man</name>
		<pose>Unspecified</pose>
		<truncated>0</truncated>
		<difficult>0</difficult>
		<occluded>0</occluded>
		<bndbox>
			<xmin>77</xmin>
			<xmax>389</xmax>
			<ymin>261</ymin>
			<ymax>417</ymax>
		</bndbox>
	</object>
</annotation>
