<annotation>
	<folder></folder>
	<filename>20220213_110031_jpg.rf.cbdf28d5013330b1638285f9bcd25b2d.jpg</filename>
	<path>20220213_110031_jpg.rf.cbdf28d5013330b1638285f9bcd25b2d.jpg</path>
	<source>
		<database>roboflow.ai</database>
	</source>
	<size>
		<width>416</width>
		<height>416</height>
		<depth>3</depth>
	</size>
	<segmented>0</segmented>
	<object>
		<name>G-man</name>
		<pose>Unspecified</pose>
		<truncated>0</truncated>
		<difficult>0</difficult>
		<occluded>0</occluded>
		<bndbox>
			<xmin>64</xmin>
			<xmax>355</xmax>
			<ymin>225</ymin>
			<ymax>379</ymax>
		</bndbox>
	</object>
	<object>
		<name>Bootlegger</name>
		<pose>Unspecified</pose>
		<truncated>0</truncated>
		<difficult>0</difficult>
		<occluded>0</occluded>
		<bndbox>
			<xmin>57</xmin>
			<xmax>365</xmax>
			<ymin>1</ymin>
			<ymax>170</ymax>
		</bndbox>
	</object>
</annotation>
