<annotation>
	<folder></folder>
	<filename>20220213_110042_jpg.rf.71d8e0a76a48ed26fc6a31427afddb2d.jpg</filename>
	<path>20220213_110042_jpg.rf.71d8e0a76a48ed26fc6a31427afddb2d.jpg</path>
	<source>
		<database>roboflow.ai</database>
	</source>
	<size>
		<width>416</width>
		<height>416</height>
		<depth>3</depth>
	</size>
	<segmented>0</segmented>
	<object>
		<name>Bootlegger</name>
		<pose>Unspecified</pose>
		<truncated>0</truncated>
		<difficult>0</difficult>
		<occluded>0</occluded>
		<bndbox>
			<xmin>38</xmin>
			<xmax>402</xmax>
			<ymin>61</ymin>
			<ymax>252</ymax>
		</bndbox>
	</object>
	<object>
		<name>G-man</name>
		<pose>Unspecified</pose>
		<truncated>0</truncated>
		<difficult>0</difficult>
		<occluded>0</occluded>
		<bndbox>
			<xmin>51</xmin>
			<xmax>393</xmax>
			<ymin>308</ymin>
			<ymax>416</ymax>
		</bndbox>
	</object>
</annotation>
