<annotation>
	<folder></folder>
	<filename>20220213_131046_jpg.rf.c49a2e2e37338cd1369202e09dc0dc79.jpg</filename>
	<path>20220213_131046_jpg.rf.c49a2e2e37338cd1369202e09dc0dc79.jpg</path>
	<source>
		<database>roboflow.ai</database>
	</source>
	<size>
		<width>416</width>
		<height>416</height>
		<depth>3</depth>
	</size>
	<segmented>0</segmented>
	<object>
		<name>Bootlegger</name>
		<pose>Unspecified</pose>
		<truncated>0</truncated>
		<difficult>0</difficult>
		<occluded>0</occluded>
		<bndbox>
			<xmin>15</xmin>
			<xmax>417</xmax>
			<ymin>45</ymin>
			<ymax>374</ymax>
		</bndbox>
	</object>
</annotation>
