<annotation>
	<folder></folder>
	<filename>20220213_131432_jpg.rf.692c5013c3964251ee85ecacf7c0c90d.jpg</filename>
	<path>20220213_131432_jpg.rf.692c5013c3964251ee85ecacf7c0c90d.jpg</path>
	<source>
		<database>roboflow.ai</database>
	</source>
	<size>
		<width>416</width>
		<height>416</height>
		<depth>3</depth>
	</size>
	<segmented>0</segmented>
	<object>
		<name>G-man</name>
		<pose>Unspecified</pose>
		<truncated>0</truncated>
		<difficult>0</difficult>
		<occluded>0</occluded>
		<bndbox>
			<xmin>103</xmin>
			<xmax>374</xmax>
			<ymin>113</ymin>
			<ymax>196</ymax>
		</bndbox>
	</object>
	<object>
		<name>Bootlegger</name>
		<pose>Unspecified</pose>
		<truncated>0</truncated>
		<difficult>0</difficult>
		<occluded>0</occluded>
		<bndbox>
			<xmin>29</xmin>
			<xmax>373</xmax>
			<ymin>240</ymin>
			<ymax>417</ymax>
		</bndbox>
	</object>
</annotation>
