<annotation>
	<folder></folder>
	<filename>20220213_131041_jpg.rf.82fef76341517a8812f46711a1827641.jpg</filename>
	<path>20220213_131041_jpg.rf.82fef76341517a8812f46711a1827641.jpg</path>
	<source>
		<database>roboflow.ai</database>
	</source>
	<size>
		<width>416</width>
		<height>416</height>
		<depth>3</depth>
	</size>
	<segmented>0</segmented>
	<object>
		<name>Bootlegger</name>
		<pose>Unspecified</pose>
		<truncated>0</truncated>
		<difficult>0</difficult>
		<occluded>0</occluded>
		<bndbox>
			<xmin>22</xmin>
			<xmax>364</xmax>
			<ymin>45</ymin>
			<ymax>373</ymax>
		</bndbox>
	</object>
</annotation>
