<annotation>
	<folder></folder>
	<filename>20220213_110052-0-_jpg.rf.43c979422bdf88a39c6300bfd56b9bc6.jpg</filename>
	<path>20220213_110052-0-_jpg.rf.43c979422bdf88a39c6300bfd56b9bc6.jpg</path>
	<source>
		<database>roboflow.ai</database>
	</source>
	<size>
		<width>416</width>
		<height>416</height>
		<depth>3</depth>
	</size>
	<segmented>0</segmented>
	<object>
		<name>G-man</name>
		<pose>Unspecified</pose>
		<truncated>0</truncated>
		<difficult>0</difficult>
		<occluded>0</occluded>
		<bndbox>
			<xmin>93</xmin>
			<xmax>368</xmax>
			<ymin>242</ymin>
			<ymax>386</ymax>
		</bndbox>
	</object>
	<object>
		<name>Bootlegger</name>
		<pose>Unspecified</pose>
		<truncated>0</truncated>
		<difficult>0</difficult>
		<occluded>0</occluded>
		<bndbox>
			<xmin>122</xmin>
			<xmax>395</xmax>
			<ymin>5</ymin>
			<ymax>197</ymax>
		</bndbox>
	</object>
</annotation>
