<annotation>
	<folder></folder>
	<filename>20220213_134059-0-_jpg.rf.c5e32d5d5ed0b30aff94b97af32bbe5b.jpg</filename>
	<path>20220213_134059-0-_jpg.rf.c5e32d5d5ed0b30aff94b97af32bbe5b.jpg</path>
	<source>
		<database>roboflow.ai</database>
	</source>
	<size>
		<width>416</width>
		<height>416</height>
		<depth>3</depth>
	</size>
	<segmented>0</segmented>
	<object>
		<name>Bootlegger</name>
		<pose>Unspecified</pose>
		<truncated>0</truncated>
		<difficult>0</difficult>
		<occluded>0</occluded>
		<bndbox>
			<xmin>17</xmin>
			<xmax>308</xmax>
			<ymin>33</ymin>
			<ymax>205</ymax>
		</bndbox>
	</object>
	<object>
		<name>G-man</name>
		<pose>Unspecified</pose>
		<truncated>0</truncated>
		<difficult>0</difficult>
		<occluded>0</occluded>
		<bndbox>
			<xmin>16</xmin>
			<xmax>308</xmax>
			<ymin>257</ymin>
			<ymax>416</ymax>
		</bndbox>
	</object>
</annotation>
