<annotation>
	<folder></folder>
	<filename>20220213_133831-0-_jpg.rf.aa4dbc3776c5696213d8dc31eb8795df.jpg</filename>
	<path>20220213_133831-0-_jpg.rf.aa4dbc3776c5696213d8dc31eb8795df.jpg</path>
	<source>
		<database>roboflow.ai</database>
	</source>
	<size>
		<width>416</width>
		<height>416</height>
		<depth>3</depth>
	</size>
	<segmented>0</segmented>
	<object>
		<name>Bootlegger</name>
		<pose>Unspecified</pose>
		<truncated>0</truncated>
		<difficult>0</difficult>
		<occluded>0</occluded>
		<bndbox>
			<xmin>2</xmin>
			<xmax>195</xmax>
			<ymin>47</ymin>
			<ymax>240</ymax>
		</bndbox>
	</object>
	<object>
		<name>G-man</name>
		<pose>Unspecified</pose>
		<truncated>0</truncated>
		<difficult>0</difficult>
		<occluded>0</occluded>
		<bndbox>
			<xmin>217</xmin>
			<xmax>341</xmax>
			<ymin>88</ymin>
			<ymax>323</ymax>
		</bndbox>
	</object>
</annotation>
