<annotation>
	<folder></folder>
	<filename>20220213_110253_jpg.rf.66b030b7f79607410c338827eeee005e.jpg</filename>
	<path>20220213_110253_jpg.rf.66b030b7f79607410c338827eeee005e.jpg</path>
	<source>
		<database>roboflow.ai</database>
	</source>
	<size>
		<width>416</width>
		<height>416</height>
		<depth>3</depth>
	</size>
	<segmented>0</segmented>
	<object>
		<name>Bootlegger</name>
		<pose>Unspecified</pose>
		<truncated>0</truncated>
		<difficult>0</difficult>
		<occluded>0</occluded>
		<bndbox>
			<xmin>272</xmin>
			<xmax>408</xmax>
			<ymin>38</ymin>
			<ymax>312</ymax>
		</bndbox>
	</object>
	<object>
		<name>G-man</name>
		<pose>Unspecified</pose>
		<truncated>0</truncated>
		<difficult>0</difficult>
		<occluded>0</occluded>
		<bndbox>
			<xmin>2</xmin>
			<xmax>234</xmax>
			<ymin>195</ymin>
			<ymax>383</ymax>
		</bndbox>
	</object>
</annotation>
