<annotation>
	<folder></folder>
	<filename>20220213_110242_jpg.rf.fe597cadb236336e2a5c3e0eb932c11f.jpg</filename>
	<path>20220213_110242_jpg.rf.fe597cadb236336e2a5c3e0eb932c11f.jpg</path>
	<source>
		<database>roboflow.ai</database>
	</source>
	<size>
		<width>416</width>
		<height>416</height>
		<depth>3</depth>
	</size>
	<segmented>0</segmented>
	<object>
		<name>Bootlegger</name>
		<pose>Unspecified</pose>
		<truncated>0</truncated>
		<difficult>0</difficult>
		<occluded>0</occluded>
		<bndbox>
			<xmin>161</xmin>
			<xmax>366</xmax>
			<ymin>23</ymin>
			<ymax>240</ymax>
		</bndbox>
	</object>
	<object>
		<name>G-man</name>
		<pose>Unspecified</pose>
		<truncated>0</truncated>
		<difficult>0</difficult>
		<occluded>0</occluded>
		<bndbox>
			<xmin>47</xmin>
			<xmax>303</xmax>
			<ymin>224</ymin>
			<ymax>397</ymax>
		</bndbox>
	</object>
</annotation>
