<annotation>
	<folder></folder>
	<filename>20220213_133108_jpg.rf.f79e0cdbba1afa13ec9ee04bd549daa8.jpg</filename>
	<path>20220213_133108_jpg.rf.f79e0cdbba1afa13ec9ee04bd549daa8.jpg</path>
	<source>
		<database>roboflow.ai</database>
	</source>
	<size>
		<width>416</width>
		<height>416</height>
		<depth>3</depth>
	</size>
	<segmented>0</segmented>
	<object>
		<name>G-man</name>
		<pose>Unspecified</pose>
		<truncated>0</truncated>
		<difficult>0</difficult>
		<occluded>0</occluded>
		<bndbox>
			<xmin>175</xmin>
			<xmax>416</xmax>
			<ymin>1</ymin>
			<ymax>416</ymax>
		</bndbox>
	</object>
</annotation>
