<annotation>
	<folder></folder>
	<filename>20220213_110256_jpg.rf.58208e8b36fae0e304be3aaf1308d7ef.jpg</filename>
	<path>20220213_110256_jpg.rf.58208e8b36fae0e304be3aaf1308d7ef.jpg</path>
	<source>
		<database>roboflow.ai</database>
	</source>
	<size>
		<width>416</width>
		<height>416</height>
		<depth>3</depth>
	</size>
	<segmented>0</segmented>
	<object>
		<name>Bootlegger</name>
		<pose>Unspecified</pose>
		<truncated>0</truncated>
		<difficult>0</difficult>
		<occluded>0</occluded>
		<bndbox>
			<xmin>279</xmin>
			<xmax>416</xmax>
			<ymin>119</ymin>
			<ymax>344</ymax>
		</bndbox>
	</object>
	<object>
		<name>G-man</name>
		<pose>Unspecified</pose>
		<truncated>0</truncated>
		<difficult>0</difficult>
		<occluded>0</occluded>
		<bndbox>
			<xmin>7</xmin>
			<xmax>200</xmax>
			<ymin>169</ymin>
			<ymax>358</ymax>
		</bndbox>
	</object>
</annotation>
