<annotation>
	<folder></folder>
	<filename>20220213_131042_jpg.rf.ee6ad7cbf10bbc84b56b14500c676446.jpg</filename>
	<path>20220213_131042_jpg.rf.ee6ad7cbf10bbc84b56b14500c676446.jpg</path>
	<source>
		<database>roboflow.ai</database>
	</source>
	<size>
		<width>416</width>
		<height>416</height>
		<depth>3</depth>
	</size>
	<segmented>0</segmented>
	<object>
		<name>Bootlegger</name>
		<pose>Unspecified</pose>
		<truncated>0</truncated>
		<difficult>0</difficult>
		<occluded>0</occluded>
		<bndbox>
			<xmin>11</xmin>
			<xmax>354</xmax>
			<ymin>43</ymin>
			<ymax>370</ymax>
		</bndbox>
	</object>
</annotation>
