<annotation>
	<folder></folder>
	<filename>20220213_131142_jpg.rf.58a61927ffb04b09794627d0ee752901.jpg</filename>
	<path>20220213_131142_jpg.rf.58a61927ffb04b09794627d0ee752901.jpg</path>
	<source>
		<database>roboflow.ai</database>
	</source>
	<size>
		<width>416</width>
		<height>416</height>
		<depth>3</depth>
	</size>
	<segmented>0</segmented>
	<object>
		<name>Bootlegger</name>
		<pose>Unspecified</pose>
		<truncated>0</truncated>
		<difficult>0</difficult>
		<occluded>0</occluded>
		<bndbox>
			<xmin>1</xmin>
			<xmax>189</xmax>
			<ymin>2</ymin>
			<ymax>294</ymax>
		</bndbox>
	</object>
	<object>
		<name>G-man</name>
		<pose>Unspecified</pose>
		<truncated>0</truncated>
		<difficult>0</difficult>
		<occluded>0</occluded>
		<bndbox>
			<xmin>258</xmin>
			<xmax>416</xmax>
			<ymin>26</ymin>
			<ymax>385</ymax>
		</bndbox>
	</object>
</annotation>
