<annotation>
	<folder></folder>
	<filename>20220213_131054-0-_jpg.rf.e09b5658dd968b73b034a2c8e90f5df8.jpg</filename>
	<path>20220213_131054-0-_jpg.rf.e09b5658dd968b73b034a2c8e90f5df8.jpg</path>
	<source>
		<database>roboflow.ai</database>
	</source>
	<size>
		<width>416</width>
		<height>416</height>
		<depth>3</depth>
	</size>
	<segmented>0</segmented>
	<object>
		<name>Bootlegger</name>
		<pose>Unspecified</pose>
		<truncated>0</truncated>
		<difficult>0</difficult>
		<occluded>0</occluded>
		<bndbox>
			<xmin>2</xmin>
			<xmax>372</xmax>
			<ymin>158</ymin>
			<ymax>331</ymax>
		</bndbox>
	</object>
</annotation>
