<annotation>
	<folder></folder>
	<filename>20220213_110056_jpg.rf.32cdec956a21e35bd91511b2ef78da4b.jpg</filename>
	<path>20220213_110056_jpg.rf.32cdec956a21e35bd91511b2ef78da4b.jpg</path>
	<source>
		<database>roboflow.ai</database>
	</source>
	<size>
		<width>416</width>
		<height>416</height>
		<depth>3</depth>
	</size>
	<segmented>0</segmented>
	<object>
		<name>Bootlegger</name>
		<pose>Unspecified</pose>
		<truncated>0</truncated>
		<difficult>0</difficult>
		<occluded>0</occluded>
		<bndbox>
			<xmin>136</xmin>
			<xmax>416</xmax>
			<ymin>32</ymin>
			<ymax>206</ymax>
		</bndbox>
	</object>
	<object>
		<name>G-man</name>
		<pose>Unspecified</pose>
		<truncated>0</truncated>
		<difficult>0</difficult>
		<occluded>0</occluded>
		<bndbox>
			<xmin>118</xmin>
			<xmax>379</xmax>
			<ymin>238</ymin>
			<ymax>386</ymax>
		</bndbox>
	</object>
</annotation>
