<annotation>
	<folder></folder>
	<filename>20220213_110044_jpg.rf.c1772fbac922de06a122315e748cb6b9.jpg</filename>
	<path>20220213_110044_jpg.rf.c1772fbac922de06a122315e748cb6b9.jpg</path>
	<source>
		<database>roboflow.ai</database>
	</source>
	<size>
		<width>416</width>
		<height>416</height>
		<depth>3</depth>
	</size>
	<segmented>0</segmented>
	<object>
		<name>Bootlegger</name>
		<pose>Unspecified</pose>
		<truncated>0</truncated>
		<difficult>0</difficult>
		<occluded>0</occluded>
		<bndbox>
			<xmin>53</xmin>
			<xmax>398</xmax>
			<ymin>51</ymin>
			<ymax>230</ymax>
		</bndbox>
	</object>
	<object>
		<name>G-man</name>
		<pose>Unspecified</pose>
		<truncated>0</truncated>
		<difficult>0</difficult>
		<occluded>0</occluded>
		<bndbox>
			<xmin>79</xmin>
			<xmax>378</xmax>
			<ymin>280</ymin>
			<ymax>416</ymax>
		</bndbox>
	</object>
</annotation>
