<annotation>
	<folder></folder>
	<filename>20220213_110338-0-_jpg.rf.f2e5a179cfa857283981f94ad6be1ded.jpg</filename>
	<path>20220213_110338-0-_jpg.rf.f2e5a179cfa857283981f94ad6be1ded.jpg</path>
	<source>
		<database>roboflow.ai</database>
	</source>
	<size>
		<width>416</width>
		<height>416</height>
		<depth>3</depth>
	</size>
	<segmented>0</segmented>
	<object>
		<name>Bootlegger</name>
		<pose>Unspecified</pose>
		<truncated>0</truncated>
		<difficult>0</difficult>
		<occluded>0</occluded>
		<bndbox>
			<xmin>186</xmin>
			<xmax>407</xmax>
			<ymin>1</ymin>
			<ymax>226</ymax>
		</bndbox>
	</object>
	<object>
		<name>G-man</name>
		<pose>Unspecified</pose>
		<truncated>0</truncated>
		<difficult>0</difficult>
		<occluded>0</occluded>
		<bndbox>
			<xmin>17</xmin>
			<xmax>335</xmax>
			<ymin>234</ymin>
			<ymax>398</ymax>
		</bndbox>
	</object>
</annotation>
