<annotation>
	<folder></folder>
	<filename>20220213_110243_jpg.rf.adfac25c63b79b43b934a3c7bf7b5061.jpg</filename>
	<path>20220213_110243_jpg.rf.adfac25c63b79b43b934a3c7bf7b5061.jpg</path>
	<source>
		<database>roboflow.ai</database>
	</source>
	<size>
		<width>416</width>
		<height>416</height>
		<depth>3</depth>
	</size>
	<segmented>0</segmented>
	<object>
		<name>Bootlegger</name>
		<pose>Unspecified</pose>
		<truncated>0</truncated>
		<difficult>0</difficult>
		<occluded>0</occluded>
		<bndbox>
			<xmin>182</xmin>
			<xmax>367</xmax>
			<ymin>28</ymin>
			<ymax>239</ymax>
		</bndbox>
	</object>
	<object>
		<name>G-man</name>
		<pose>Unspecified</pose>
		<truncated>0</truncated>
		<difficult>0</difficult>
		<occluded>0</occluded>
		<bndbox>
			<xmin>21</xmin>
			<xmax>307</xmax>
			<ymin>246</ymin>
			<ymax>388</ymax>
		</bndbox>
	</object>
</annotation>
