<annotation>
	<folder></folder>
	<filename>20220213_131431_jpg.rf.95bb33138e12c9f039450ae66c89edb4.jpg</filename>
	<path>20220213_131431_jpg.rf.95bb33138e12c9f039450ae66c89edb4.jpg</path>
	<source>
		<database>roboflow.ai</database>
	</source>
	<size>
		<width>416</width>
		<height>416</height>
		<depth>3</depth>
	</size>
	<segmented>0</segmented>
	<object>
		<name>G-man</name>
		<pose>Unspecified</pose>
		<truncated>0</truncated>
		<difficult>0</difficult>
		<occluded>0</occluded>
		<bndbox>
			<xmin>101</xmin>
			<xmax>363</xmax>
			<ymin>104</ymin>
			<ymax>195</ymax>
		</bndbox>
	</object>
	<object>
		<name>Bootlegger</name>
		<pose>Unspecified</pose>
		<truncated>0</truncated>
		<difficult>0</difficult>
		<occluded>0</occluded>
		<bndbox>
			<xmin>29</xmin>
			<xmax>363</xmax>
			<ymin>228</ymin>
			<ymax>416</ymax>
		</bndbox>
	</object>
</annotation>
