<annotation>
	<folder></folder>
	<filename>20220213_131035_jpg.rf.78711e25f61d877a48ddc7d59e7d66ea.jpg</filename>
	<path>20220213_131035_jpg.rf.78711e25f61d877a48ddc7d59e7d66ea.jpg</path>
	<source>
		<database>roboflow.ai</database>
	</source>
	<size>
		<width>416</width>
		<height>416</height>
		<depth>3</depth>
	</size>
	<segmented>0</segmented>
	<object>
		<name>Bootlegger</name>
		<pose>Unspecified</pose>
		<truncated>0</truncated>
		<difficult>0</difficult>
		<occluded>0</occluded>
		<bndbox>
			<xmin>26</xmin>
			<xmax>339</xmax>
			<ymin>49</ymin>
			<ymax>383</ymax>
		</bndbox>
	</object>
</annotation>
