<annotation>
	<folder></folder>
	<filename>20220213_131043-0-_jpg.rf.cf6b57e84f624ab632bcad7718cb4846.jpg</filename>
	<path>20220213_131043-0-_jpg.rf.cf6b57e84f624ab632bcad7718cb4846.jpg</path>
	<source>
		<database>roboflow.ai</database>
	</source>
	<size>
		<width>416</width>
		<height>416</height>
		<depth>3</depth>
	</size>
	<segmented>0</segmented>
	<object>
		<name>Bootlegger</name>
		<pose>Unspecified</pose>
		<truncated>0</truncated>
		<difficult>0</difficult>
		<occluded>0</occluded>
		<bndbox>
			<xmin>17</xmin>
			<xmax>357</xmax>
			<ymin>46</ymin>
			<ymax>367</ymax>
		</bndbox>
	</object>
</annotation>
