<annotation>
	<folder></folder>
	<filename>20220213_131410_jpg.rf.1ba48c834de7a49276b173dfb2699871.jpg</filename>
	<path>20220213_131410_jpg.rf.1ba48c834de7a49276b173dfb2699871.jpg</path>
	<source>
		<database>roboflow.ai</database>
	</source>
	<size>
		<width>416</width>
		<height>416</height>
		<depth>3</depth>
	</size>
	<segmented>0</segmented>
	<object>
		<name>Bootlegger</name>
		<pose>Unspecified</pose>
		<truncated>0</truncated>
		<difficult>0</difficult>
		<occluded>0</occluded>
		<bndbox>
			<xmin>107</xmin>
			<xmax>416</xmax>
			<ymin>13</ymin>
			<ymax>208</ymax>
		</bndbox>
	</object>
	<object>
		<name>G-man</name>
		<pose>Unspecified</pose>
		<truncated>0</truncated>
		<difficult>0</difficult>
		<occluded>0</occluded>
		<bndbox>
			<xmin>85</xmin>
			<xmax>416</xmax>
			<ymin>254</ymin>
			<ymax>416</ymax>
		</bndbox>
	</object>
</annotation>
