<annotation>
	<folder></folder>
	<filename>20220213_131412_jpg.rf.84c66a9a9465e5c76c8206430ffce758.jpg</filename>
	<path>20220213_131412_jpg.rf.84c66a9a9465e5c76c8206430ffce758.jpg</path>
	<source>
		<database>roboflow.ai</database>
	</source>
	<size>
		<width>416</width>
		<height>416</height>
		<depth>3</depth>
	</size>
	<segmented>0</segmented>
	<object>
		<name>G-man</name>
		<pose>Unspecified</pose>
		<truncated>0</truncated>
		<difficult>0</difficult>
		<occluded>0</occluded>
		<bndbox>
			<xmin>110</xmin>
			<xmax>416</xmax>
			<ymin>261</ymin>
			<ymax>416</ymax>
		</bndbox>
	</object>
	<object>
		<name>Bootlegger</name>
		<pose>Unspecified</pose>
		<truncated>0</truncated>
		<difficult>0</difficult>
		<occluded>0</occluded>
		<bndbox>
			<xmin>112</xmin>
			<xmax>417</xmax>
			<ymin>11</ymin>
			<ymax>198</ymax>
		</bndbox>
	</object>
</annotation>
