<annotation>
	<folder></folder>
	<filename>20220213_133322_jpg.rf.4bc719bac52d129bbe38921339298f27.jpg</filename>
	<path>20220213_133322_jpg.rf.4bc719bac52d129bbe38921339298f27.jpg</path>
	<source>
		<database>roboflow.ai</database>
	</source>
	<size>
		<width>416</width>
		<height>416</height>
		<depth>3</depth>
	</size>
	<segmented>0</segmented>
	<object>
		<name>Bootlegger</name>
		<pose>Unspecified</pose>
		<truncated>0</truncated>
		<difficult>0</difficult>
		<occluded>0</occluded>
		<bndbox>
			<xmin>112</xmin>
			<xmax>272</xmax>
			<ymin>141</ymin>
			<ymax>272</ymax>
		</bndbox>
	</object>
	<object>
		<name>G-man</name>
		<pose>Unspecified</pose>
		<truncated>0</truncated>
		<difficult>0</difficult>
		<occluded>0</occluded>
		<bndbox>
			<xmin>286</xmin>
			<xmax>411</xmax>
			<ymin>179</ymin>
			<ymax>383</ymax>
		</bndbox>
	</object>
</annotation>
