<annotation>
	<folder></folder>
	<filename>20220213_133315_jpg.rf.3fcd37f9206bd419253cd2ede45c09ba.jpg</filename>
	<path>20220213_133315_jpg.rf.3fcd37f9206bd419253cd2ede45c09ba.jpg</path>
	<source>
		<database>roboflow.ai</database>
	</source>
	<size>
		<width>416</width>
		<height>416</height>
		<depth>3</depth>
	</size>
	<segmented>0</segmented>
	<object>
		<name>Bootlegger</name>
		<pose>Unspecified</pose>
		<truncated>0</truncated>
		<difficult>0</difficult>
		<occluded>0</occluded>
		<bndbox>
			<xmin>41</xmin>
			<xmax>195</xmax>
			<ymin>134</ymin>
			<ymax>256</ymax>
		</bndbox>
	</object>
	<object>
		<name>G-man</name>
		<pose>Unspecified</pose>
		<truncated>0</truncated>
		<difficult>0</difficult>
		<occluded>0</occluded>
		<bndbox>
			<xmin>229</xmin>
			<xmax>357</xmax>
			<ymin>134</ymin>
			<ymax>270</ymax>
		</bndbox>
	</object>
</annotation>
