<annotation>
	<folder></folder>
	<filename>20220213_131132-0-_jpg.rf.198882544bbdadc922cb31a78f1aa805.jpg</filename>
	<path>20220213_131132-0-_jpg.rf.198882544bbdadc922cb31a78f1aa805.jpg</path>
	<source>
		<database>roboflow.ai</database>
	</source>
	<size>
		<width>416</width>
		<height>416</height>
		<depth>3</depth>
	</size>
	<segmented>0</segmented>
	<object>
		<name>Bootlegger</name>
		<pose>Unspecified</pose>
		<truncated>0</truncated>
		<difficult>0</difficult>
		<occluded>0</occluded>
		<bndbox>
			<xmin>54</xmin>
			<xmax>164</xmax>
			<ymin>72</ymin>
			<ymax>416</ymax>
		</bndbox>
	</object>
	<object>
		<name>G-man</name>
		<pose>Unspecified</pose>
		<truncated>0</truncated>
		<difficult>0</difficult>
		<occluded>0</occluded>
		<bndbox>
			<xmin>214</xmin>
			<xmax>380</xmax>
			<ymin>1</ymin>
			<ymax>230</ymax>
		</bndbox>
	</object>
</annotation>
