<annotation>
	<folder></folder>
	<filename>20220213_134058-0-_jpg.rf.97d33d5d02ad82b3109ff7568766483a.jpg</filename>
	<path>20220213_134058-0-_jpg.rf.97d33d5d02ad82b3109ff7568766483a.jpg</path>
	<source>
		<database>roboflow.ai</database>
	</source>
	<size>
		<width>416</width>
		<height>416</height>
		<depth>3</depth>
	</size>
	<segmented>0</segmented>
	<object>
		<name>Bootlegger</name>
		<pose>Unspecified</pose>
		<truncated>0</truncated>
		<difficult>0</difficult>
		<occluded>0</occluded>
		<bndbox>
			<xmin>1</xmin>
			<xmax>315</xmax>
			<ymin>87</ymin>
			<ymax>186</ymax>
		</bndbox>
	</object>
	<object>
		<name>G-man</name>
		<pose>Unspecified</pose>
		<truncated>0</truncated>
		<difficult>0</difficult>
		<occluded>0</occluded>
		<bndbox>
			<xmin>168</xmin>
			<xmax>398</xmax>
			<ymin>228</ymin>
			<ymax>401</ymax>
		</bndbox>
	</object>
</annotation>
