<annotation>
	<folder></folder>
	<filename>20220213_110557_jpg.rf.bb7444e1de086036059264d50f8a4231.jpg</filename>
	<path>20220213_110557_jpg.rf.bb7444e1de086036059264d50f8a4231.jpg</path>
	<source>
		<database>roboflow.ai</database>
	</source>
	<size>
		<width>416</width>
		<height>416</height>
		<depth>3</depth>
	</size>
	<segmented>0</segmented>
	<object>
		<name>Bootlegger</name>
		<pose>Unspecified</pose>
		<truncated>0</truncated>
		<difficult>0</difficult>
		<occluded>0</occluded>
		<bndbox>
			<xmin>51</xmin>
			<xmax>373</xmax>
			<ymin>227</ymin>
			<ymax>399</ymax>
		</bndbox>
	</object>
	<object>
		<name>G-man</name>
		<pose>Unspecified</pose>
		<truncated>0</truncated>
		<difficult>0</difficult>
		<occluded>0</occluded>
		<bndbox>
			<xmin>52</xmin>
			<xmax>349</xmax>
			<ymin>15</ymin>
			<ymax>176</ymax>
		</bndbox>
	</object>
</annotation>
