<annotation>
	<folder></folder>
	<filename>20220213_110336_jpg.rf.e8f5adff01062cedee96bb30ba7adad7.jpg</filename>
	<path>20220213_110336_jpg.rf.e8f5adff01062cedee96bb30ba7adad7.jpg</path>
	<source>
		<database>roboflow.ai</database>
	</source>
	<size>
		<width>416</width>
		<height>416</height>
		<depth>3</depth>
	</size>
	<segmented>0</segmented>
	<object>
		<name>Bootlegger</name>
		<pose>Unspecified</pose>
		<truncated>0</truncated>
		<difficult>0</difficult>
		<occluded>0</occluded>
		<bndbox>
			<xmin>74</xmin>
			<xmax>371</xmax>
			<ymin>31</ymin>
			<ymax>201</ymax>
		</bndbox>
	</object>
	<object>
		<name>G-man</name>
		<pose>Unspecified</pose>
		<truncated>0</truncated>
		<difficult>0</difficult>
		<occluded>0</occluded>
		<bndbox>
			<xmin>50</xmin>
			<xmax>362</xmax>
			<ymin>247</ymin>
			<ymax>416</ymax>
		</bndbox>
	</object>
</annotation>
