<annotation>
	<folder></folder>
	<filename>20220213_110335_jpg.rf.5a6bd7eba7194b1031bdb1a2e20e7359.jpg</filename>
	<path>20220213_110335_jpg.rf.5a6bd7eba7194b1031bdb1a2e20e7359.jpg</path>
	<source>
		<database>roboflow.ai</database>
	</source>
	<size>
		<width>416</width>
		<height>416</height>
		<depth>3</depth>
	</size>
	<segmented>0</segmented>
	<object>
		<name>Bootlegger</name>
		<pose>Unspecified</pose>
		<truncated>0</truncated>
		<difficult>0</difficult>
		<occluded>0</occluded>
		<bndbox>
			<xmin>63</xmin>
			<xmax>375</xmax>
			<ymin>37</ymin>
			<ymax>207</ymax>
		</bndbox>
	</object>
	<object>
		<name>G-man</name>
		<pose>Unspecified</pose>
		<truncated>0</truncated>
		<difficult>0</difficult>
		<occluded>0</occluded>
		<bndbox>
			<xmin>50</xmin>
			<xmax>390</xmax>
			<ymin>257</ymin>
			<ymax>416</ymax>
		</bndbox>
	</object>
</annotation>
