<annotation>
	<folder></folder>
	<filename>20220213_110254-0-_jpg.rf.7f1882e146d2a97b7a5aecfa91c166f0.jpg</filename>
	<path>20220213_110254-0-_jpg.rf.7f1882e146d2a97b7a5aecfa91c166f0.jpg</path>
	<source>
		<database>roboflow.ai</database>
	</source>
	<size>
		<width>416</width>
		<height>416</height>
		<depth>3</depth>
	</size>
	<segmented>0</segmented>
	<object>
		<name>Bootlegger</name>
		<pose>Unspecified</pose>
		<truncated>0</truncated>
		<difficult>0</difficult>
		<occluded>0</occluded>
		<bndbox>
			<xmin>288</xmin>
			<xmax>417</xmax>
			<ymin>79</ymin>
			<ymax>324</ymax>
		</bndbox>
	</object>
	<object>
		<name>G-man</name>
		<pose>Unspecified</pose>
		<truncated>0</truncated>
		<difficult>0</difficult>
		<occluded>0</occluded>
		<bndbox>
			<xmin>6</xmin>
			<xmax>220</xmax>
			<ymin>175</ymin>
			<ymax>369</ymax>
		</bndbox>
	</object>
</annotation>
