<annotation>
	<folder></folder>
	<filename>20220213_110239_jpg.rf.189f6c124ec2fcfc00928a8d174ffe49.jpg</filename>
	<path>20220213_110239_jpg.rf.189f6c124ec2fcfc00928a8d174ffe49.jpg</path>
	<source>
		<database>roboflow.ai</database>
	</source>
	<size>
		<width>416</width>
		<height>416</height>
		<depth>3</depth>
	</size>
	<segmented>0</segmented>
	<object>
		<name>Bootlegger</name>
		<pose>Unspecified</pose>
		<truncated>0</truncated>
		<difficult>0</difficult>
		<occluded>0</occluded>
		<bndbox>
			<xmin>171</xmin>
			<xmax>403</xmax>
			<ymin>11</ymin>
			<ymax>203</ymax>
		</bndbox>
	</object>
	<object>
		<name>G-man</name>
		<pose>Unspecified</pose>
		<truncated>0</truncated>
		<difficult>0</difficult>
		<occluded>0</occluded>
		<bndbox>
			<xmin>84</xmin>
			<xmax>361</xmax>
			<ymin>221</ymin>
			<ymax>370</ymax>
		</bndbox>
	</object>
</annotation>
