<annotation>
	<folder></folder>
	<filename>20220213_131133_jpg.rf.66c20833308677c206c158c43b25dfbb.jpg</filename>
	<path>20220213_131133_jpg.rf.66c20833308677c206c158c43b25dfbb.jpg</path>
	<source>
		<database>roboflow.ai</database>
	</source>
	<size>
		<width>416</width>
		<height>416</height>
		<depth>3</depth>
	</size>
	<segmented>0</segmented>
	<object>
		<name>Bootlegger</name>
		<pose>Unspecified</pose>
		<truncated>0</truncated>
		<difficult>0</difficult>
		<occluded>0</occluded>
		<bndbox>
			<xmin>85</xmin>
			<xmax>151</xmax>
			<ymin>89</ymin>
			<ymax>360</ymax>
		</bndbox>
	</object>
	<object>
		<name>G-man</name>
		<pose>Unspecified</pose>
		<truncated>0</truncated>
		<difficult>0</difficult>
		<occluded>0</occluded>
		<bndbox>
			<xmin>202</xmin>
			<xmax>371</xmax>
			<ymin>4</ymin>
			<ymax>241</ymax>
		</bndbox>
	</object>
</annotation>
