<annotation>
	<folder></folder>
	<filename>20220213_131143_jpg.rf.116174c15e5914ec48f4c4dfde82cdc4.jpg</filename>
	<path>20220213_131143_jpg.rf.116174c15e5914ec48f4c4dfde82cdc4.jpg</path>
	<source>
		<database>roboflow.ai</database>
	</source>
	<size>
		<width>416</width>
		<height>416</height>
		<depth>3</depth>
	</size>
	<segmented>0</segmented>
	<object>
		<name>Bootlegger</name>
		<pose>Unspecified</pose>
		<truncated>0</truncated>
		<difficult>0</difficult>
		<occluded>0</occluded>
		<bndbox>
			<xmin>8</xmin>
			<xmax>190</xmax>
			<ymin>2</ymin>
			<ymax>358</ymax>
		</bndbox>
	</object>
	<object>
		<name>G-man</name>
		<pose>Unspecified</pose>
		<truncated>0</truncated>
		<difficult>0</difficult>
		<occluded>0</occluded>
		<bndbox>
			<xmin>262</xmin>
			<xmax>417</xmax>
			<ymin>24</ymin>
			<ymax>388</ymax>
		</bndbox>
	</object>
</annotation>
