<annotation>
	<folder></folder>
	<filename>20220213_110358-0-_jpg.rf.41259f928fb782b8bc2bf3aa3d25f66c.jpg</filename>
	<path>20220213_110358-0-_jpg.rf.41259f928fb782b8bc2bf3aa3d25f66c.jpg</path>
	<source>
		<database>roboflow.ai</database>
	</source>
	<size>
		<width>416</width>
		<height>416</height>
		<depth>3</depth>
	</size>
	<segmented>0</segmented>
	<object>
		<name>Bootlegger</name>
		<pose>Unspecified</pose>
		<truncated>0</truncated>
		<difficult>0</difficult>
		<occluded>0</occluded>
		<bndbox>
			<xmin>24</xmin>
			<xmax>357</xmax>
			<ymin>19</ymin>
			<ymax>201</ymax>
		</bndbox>
	</object>
	<object>
		<name>G-man</name>
		<pose>Unspecified</pose>
		<truncated>0</truncated>
		<difficult>0</difficult>
		<occluded>0</occluded>
		<bndbox>
			<xmin>35</xmin>
			<xmax>324</xmax>
			<ymin>234</ymin>
			<ymax>390</ymax>
		</bndbox>
	</object>
</annotation>
