<annotation>
	<folder></folder>
	<filename>20220213_110400_jpg.rf.b4de6eefe4c6a257f01bf5274c58b919.jpg</filename>
	<path>20220213_110400_jpg.rf.b4de6eefe4c6a257f01bf5274c58b919.jpg</path>
	<source>
		<database>roboflow.ai</database>
	</source>
	<size>
		<width>416</width>
		<height>416</height>
		<depth>3</depth>
	</size>
	<segmented>0</segmented>
	<object>
		<name>Bootlegger</name>
		<pose>Unspecified</pose>
		<truncated>0</truncated>
		<difficult>0</difficult>
		<occluded>0</occluded>
		<bndbox>
			<xmin>27</xmin>
			<xmax>347</xmax>
			<ymin>23</ymin>
			<ymax>207</ymax>
		</bndbox>
	</object>
	<object>
		<name>G-man</name>
		<pose>Unspecified</pose>
		<truncated>0</truncated>
		<difficult>0</difficult>
		<occluded>0</occluded>
		<bndbox>
			<xmin>30</xmin>
			<xmax>298</xmax>
			<ymin>224</ymin>
			<ymax>375</ymax>
		</bndbox>
	</object>
</annotation>
