<annotation>
	<folder></folder>
	<filename>20220213_131419_jpg.rf.404d1d813d8c0459bc77d7d222a2906f.jpg</filename>
	<path>20220213_131419_jpg.rf.404d1d813d8c0459bc77d7d222a2906f.jpg</path>
	<source>
		<database>roboflow.ai</database>
	</source>
	<size>
		<width>416</width>
		<height>416</height>
		<depth>3</depth>
	</size>
	<segmented>0</segmented>
	<object>
		<name>G-man</name>
		<pose>Unspecified</pose>
		<truncated>0</truncated>
		<difficult>0</difficult>
		<occluded>0</occluded>
		<bndbox>
			<xmin>78</xmin>
			<xmax>394</xmax>
			<ymin>245</ymin>
			<ymax>400</ymax>
		</bndbox>
	</object>
	<object>
		<name>Bootlegger</name>
		<pose>Unspecified</pose>
		<truncated>0</truncated>
		<difficult>0</difficult>
		<occluded>0</occluded>
		<bndbox>
			<xmin>43</xmin>
			<xmax>412</xmax>
			<ymin>1</ymin>
			<ymax>185</ymax>
		</bndbox>
	</object>
</annotation>
