<annotation>
	<folder></folder>
	<filename>20220213_133325_jpg.rf.e0812ce01d40741171ac27fdd884e986.jpg</filename>
	<path>20220213_133325_jpg.rf.e0812ce01d40741171ac27fdd884e986.jpg</path>
	<source>
		<database>roboflow.ai</database>
	</source>
	<size>
		<width>416</width>
		<height>416</height>
		<depth>3</depth>
	</size>
	<segmented>0</segmented>
	<object>
		<name>G-man</name>
		<pose>Unspecified</pose>
		<truncated>0</truncated>
		<difficult>0</difficult>
		<occluded>0</occluded>
		<bndbox>
			<xmin>105</xmin>
			<xmax>269</xmax>
			<ymin>203</ymin>
			<ymax>389</ymax>
		</bndbox>
	</object>
	<object>
		<name>Bootlegger</name>
		<pose>Unspecified</pose>
		<truncated>0</truncated>
		<difficult>0</difficult>
		<occluded>0</occluded>
		<bndbox>
			<xmin>221</xmin>
			<xmax>318</xmax>
			<ymin>18</ymin>
			<ymax>225</ymax>
		</bndbox>
	</object>
</annotation>
