<annotation>
	<folder></folder>
	<filename>20220213_133106-0-_jpg.rf.fdbcfe6288676fb1bfbd6e542d156bb8.jpg</filename>
	<path>20220213_133106-0-_jpg.rf.fdbcfe6288676fb1bfbd6e542d156bb8.jpg</path>
	<source>
		<database>roboflow.ai</database>
	</source>
	<size>
		<width>416</width>
		<height>416</height>
		<depth>3</depth>
	</size>
	<segmented>0</segmented>
	<object>
		<name>G-man</name>
		<pose>Unspecified</pose>
		<truncated>0</truncated>
		<difficult>0</difficult>
		<occluded>0</occluded>
		<bndbox>
			<xmin>198</xmin>
			<xmax>390</xmax>
			<ymin>36</ymin>
			<ymax>399</ymax>
		</bndbox>
	</object>
</annotation>
