<annotation>
	<folder></folder>
	<filename>20220213_131040-0-_jpg.rf.f0ae80b5e7b20578ac4dd82c68bb2e41.jpg</filename>
	<path>20220213_131040-0-_jpg.rf.f0ae80b5e7b20578ac4dd82c68bb2e41.jpg</path>
	<source>
		<database>roboflow.ai</database>
	</source>
	<size>
		<width>416</width>
		<height>416</height>
		<depth>3</depth>
	</size>
	<segmented>0</segmented>
	<object>
		<name>Bootlegger</name>
		<pose>Unspecified</pose>
		<truncated>0</truncated>
		<difficult>0</difficult>
		<occluded>0</occluded>
		<bndbox>
			<xmin>21</xmin>
			<xmax>361</xmax>
			<ymin>36</ymin>
			<ymax>367</ymax>
		</bndbox>
	</object>
</annotation>
