<annotation>
	<folder></folder>
	<filename>20220213_110359_jpg.rf.253ee99cb1891bdd6a87ae74d6ea3447.jpg</filename>
	<path>20220213_110359_jpg.rf.253ee99cb1891bdd6a87ae74d6ea3447.jpg</path>
	<source>
		<database>roboflow.ai</database>
	</source>
	<size>
		<width>416</width>
		<height>416</height>
		<depth>3</depth>
	</size>
	<segmented>0</segmented>
	<object>
		<name>Bootlegger</name>
		<pose>Unspecified</pose>
		<truncated>0</truncated>
		<difficult>0</difficult>
		<occluded>0</occluded>
		<bndbox>
			<xmin>13</xmin>
			<xmax>338</xmax>
			<ymin>32</ymin>
			<ymax>198</ymax>
		</bndbox>
	</object>
	<object>
		<name>G-man</name>
		<pose>Unspecified</pose>
		<truncated>0</truncated>
		<difficult>0</difficult>
		<occluded>0</occluded>
		<bndbox>
			<xmin>36</xmin>
			<xmax>289</xmax>
			<ymin>232</ymin>
			<ymax>376</ymax>
		</bndbox>
	</object>
</annotation>
