<annotation>
	<folder></folder>
	<filename>20220213_133057_jpg.rf.676cb7ba1396fc5a8153f0a68bd873cf.jpg</filename>
	<path>20220213_133057_jpg.rf.676cb7ba1396fc5a8153f0a68bd873cf.jpg</path>
	<source>
		<database>roboflow.ai</database>
	</source>
	<size>
		<width>416</width>
		<height>416</height>
		<depth>3</depth>
	</size>
	<segmented>0</segmented>
	<object>
		<name>Bootlegger</name>
		<pose>Unspecified</pose>
		<truncated>0</truncated>
		<difficult>0</difficult>
		<occluded>0</occluded>
		<bndbox>
			<xmin>15</xmin>
			<xmax>175</xmax>
			<ymin>48</ymin>
			<ymax>357</ymax>
		</bndbox>
	</object>
	<object>
		<name>G-man</name>
		<pose>Unspecified</pose>
		<truncated>0</truncated>
		<difficult>0</difficult>
		<occluded>0</occluded>
		<bndbox>
			<xmin>231</xmin>
			<xmax>389</xmax>
			<ymin>61</ymin>
			<ymax>355</ymax>
		</bndbox>
	</object>
</annotation>
