<annotation>
	<folder></folder>
	<filename>20220213_110253-0-_jpg.rf.03f7f9eb5b7352a23a842fedd7b05611.jpg</filename>
	<path>20220213_110253-0-_jpg.rf.03f7f9eb5b7352a23a842fedd7b05611.jpg</path>
	<source>
		<database>roboflow.ai</database>
	</source>
	<size>
		<width>416</width>
		<height>416</height>
		<depth>3</depth>
	</size>
	<segmented>0</segmented>
	<object>
		<name>Bootlegger</name>
		<pose>Unspecified</pose>
		<truncated>0</truncated>
		<difficult>0</difficult>
		<occluded>0</occluded>
		<bndbox>
			<xmin>291</xmin>
			<xmax>406</xmax>
			<ymin>46</ymin>
			<ymax>299</ymax>
		</bndbox>
	</object>
	<object>
		<name>G-man</name>
		<pose>Unspecified</pose>
		<truncated>0</truncated>
		<difficult>0</difficult>
		<occluded>0</occluded>
		<bndbox>
			<xmin>4</xmin>
			<xmax>250</xmax>
			<ymin>190</ymin>
			<ymax>375</ymax>
		</bndbox>
	</object>
</annotation>
