<annotation>
	<folder></folder>
	<filename>20220213_131053_jpg.rf.dc63112d850f0cda3229cb342d7f1632.jpg</filename>
	<path>20220213_131053_jpg.rf.dc63112d850f0cda3229cb342d7f1632.jpg</path>
	<source>
		<database>roboflow.ai</database>
	</source>
	<size>
		<width>416</width>
		<height>416</height>
		<depth>3</depth>
	</size>
	<segmented>0</segmented>
	<object>
		<name>Bootlegger</name>
		<pose>Unspecified</pose>
		<truncated>0</truncated>
		<difficult>0</difficult>
		<occluded>0</occluded>
		<bndbox>
			<xmin>22</xmin>
			<xmax>417</xmax>
			<ymin>98</ymin>
			<ymax>381</ymax>
		</bndbox>
	</object>
</annotation>
