<annotation>
	<folder></folder>
	<filename>20220213_131445-0-_jpg.rf.3a35bd1619b4ca86061e31c5c5457d9d.jpg</filename>
	<path>20220213_131445-0-_jpg.rf.3a35bd1619b4ca86061e31c5c5457d9d.jpg</path>
	<source>
		<database>roboflow.ai</database>
	</source>
	<size>
		<width>416</width>
		<height>416</height>
		<depth>3</depth>
	</size>
	<segmented>0</segmented>
	<object>
		<name>Bootlegger</name>
		<pose>Unspecified</pose>
		<truncated>0</truncated>
		<difficult>0</difficult>
		<occluded>0</occluded>
		<bndbox>
			<xmin>3</xmin>
			<xmax>352</xmax>
			<ymin>196</ymin>
			<ymax>416</ymax>
		</bndbox>
	</object>
	<object>
		<name>G-man</name>
		<pose>Unspecified</pose>
		<truncated>0</truncated>
		<difficult>0</difficult>
		<occluded>0</occluded>
		<bndbox>
			<xmin>28</xmin>
			<xmax>369</xmax>
			<ymin>1</ymin>
			<ymax>139</ymax>
		</bndbox>
	</object>
</annotation>
