<annotation>
	<folder></folder>
	<filename>20220213_110058_jpg.rf.08c61b8db678c2558eccd65f5a25060a.jpg</filename>
	<path>20220213_110058_jpg.rf.08c61b8db678c2558eccd65f5a25060a.jpg</path>
	<source>
		<database>roboflow.ai</database>
	</source>
	<size>
		<width>416</width>
		<height>416</height>
		<depth>3</depth>
	</size>
	<segmented>0</segmented>
	<object>
		<name>Bootlegger</name>
		<pose>Unspecified</pose>
		<truncated>0</truncated>
		<difficult>0</difficult>
		<occluded>0</occluded>
		<bndbox>
			<xmin>77</xmin>
			<xmax>379</xmax>
			<ymin>24</ymin>
			<ymax>211</ymax>
		</bndbox>
	</object>
	<object>
		<name>G-man</name>
		<pose>Unspecified</pose>
		<truncated>0</truncated>
		<difficult>0</difficult>
		<occluded>0</occluded>
		<bndbox>
			<xmin>59</xmin>
			<xmax>340</xmax>
			<ymin>236</ymin>
			<ymax>388</ymax>
		</bndbox>
	</object>
</annotation>
