<annotation>
	<folder></folder>
	<filename>20220213_131440_jpg.rf.4c68e4e83c7e6e8d2d152556ef85237e.jpg</filename>
	<path>20220213_131440_jpg.rf.4c68e4e83c7e6e8d2d152556ef85237e.jpg</path>
	<source>
		<database>roboflow.ai</database>
	</source>
	<size>
		<width>416</width>
		<height>416</height>
		<depth>3</depth>
	</size>
	<segmented>0</segmented>
	<object>
		<name>Bootlegger</name>
		<pose>Unspecified</pose>
		<truncated>0</truncated>
		<difficult>0</difficult>
		<occluded>0</occluded>
		<bndbox>
			<xmin>1</xmin>
			<xmax>417</xmax>
			<ymin>165</ymin>
			<ymax>417</ymax>
		</bndbox>
	</object>
	<object>
		<name>G-man</name>
		<pose>Unspecified</pose>
		<truncated>0</truncated>
		<difficult>0</difficult>
		<occluded>0</occluded>
		<bndbox>
			<xmin>91</xmin>
			<xmax>389</xmax>
			<ymin>32</ymin>
			<ymax>125</ymax>
		</bndbox>
	</object>
</annotation>
