<annotation>
	<folder></folder>
	<filename>20220213_133103_jpg.rf.bca20548002cb2772255d2f0c9dfd1ea.jpg</filename>
	<path>20220213_133103_jpg.rf.bca20548002cb2772255d2f0c9dfd1ea.jpg</path>
	<source>
		<database>roboflow.ai</database>
	</source>
	<size>
		<width>416</width>
		<height>416</height>
		<depth>3</depth>
	</size>
	<segmented>0</segmented>
	<object>
		<name>Bootlegger</name>
		<pose>Unspecified</pose>
		<truncated>0</truncated>
		<difficult>0</difficult>
		<occluded>0</occluded>
		<bndbox>
			<xmin>15</xmin>
			<xmax>180</xmax>
			<ymin>29</ymin>
			<ymax>323</ymax>
		</bndbox>
	</object>
	<object>
		<name>G-man</name>
		<pose>Unspecified</pose>
		<truncated>0</truncated>
		<difficult>0</difficult>
		<occluded>0</occluded>
		<bndbox>
			<xmin>221</xmin>
			<xmax>362</xmax>
			<ymin>68</ymin>
			<ymax>336</ymax>
		</bndbox>
	</object>
</annotation>
