<annotation>
	<folder></folder>
	<filename>20220213_133050_jpg.rf.16bd6decd7c7c14a3f16d8b62981e971.jpg</filename>
	<path>20220213_133050_jpg.rf.16bd6decd7c7c14a3f16d8b62981e971.jpg</path>
	<source>
		<database>roboflow.ai</database>
	</source>
	<size>
		<width>416</width>
		<height>416</height>
		<depth>3</depth>
	</size>
	<segmented>0</segmented>
	<object>
		<name>G-man</name>
		<pose>Unspecified</pose>
		<truncated>0</truncated>
		<difficult>0</difficult>
		<occluded>0</occluded>
		<bndbox>
			<xmin>257</xmin>
			<xmax>412</xmax>
			<ymin>54</ymin>
			<ymax>313</ymax>
		</bndbox>
	</object>
	<object>
		<name>Bootlegger</name>
		<pose>Unspecified</pose>
		<truncated>0</truncated>
		<difficult>0</difficult>
		<occluded>0</occluded>
		<bndbox>
			<xmin>46</xmin>
			<xmax>233</xmax>
			<ymin>6</ymin>
			<ymax>216</ymax>
		</bndbox>
	</object>
</annotation>
