<annotation>
	<folder></folder>
	<filename>20220213_131439_jpg.rf.3b4526fa9b5b9f2203f80b4042179e96.jpg</filename>
	<path>20220213_131439_jpg.rf.3b4526fa9b5b9f2203f80b4042179e96.jpg</path>
	<source>
		<database>roboflow.ai</database>
	</source>
	<size>
		<width>416</width>
		<height>416</height>
		<depth>3</depth>
	</size>
	<segmented>0</segmented>
	<object>
		<name>Bootlegger</name>
		<pose>Unspecified</pose>
		<truncated>0</truncated>
		<difficult>0</difficult>
		<occluded>0</occluded>
		<bndbox>
			<xmin>6</xmin>
			<xmax>416</xmax>
			<ymin>157</ymin>
			<ymax>416</ymax>
		</bndbox>
	</object>
	<object>
		<name>G-man</name>
		<pose>Unspecified</pose>
		<truncated>0</truncated>
		<difficult>0</difficult>
		<occluded>0</occluded>
		<bndbox>
			<xmin>79</xmin>
			<xmax>397</xmax>
			<ymin>32</ymin>
			<ymax>112</ymax>
		</bndbox>
	</object>
</annotation>
