<annotation>
	<folder></folder>
	<filename>20220213_110317_jpg.rf.2fe90e991827540e0ad9a644d9fb196d.jpg</filename>
	<path>20220213_110317_jpg.rf.2fe90e991827540e0ad9a644d9fb196d.jpg</path>
	<source>
		<database>roboflow.ai</database>
	</source>
	<size>
		<width>416</width>
		<height>416</height>
		<depth>3</depth>
	</size>
	<segmented>0</segmented>
	<object>
		<name>G-man</name>
		<pose>Unspecified</pose>
		<truncated>0</truncated>
		<difficult>0</difficult>
		<occluded>0</occluded>
		<bndbox>
			<xmin>66</xmin>
			<xmax>370</xmax>
			<ymin>245</ymin>
			<ymax>395</ymax>
		</bndbox>
	</object>
	<object>
		<name>Bootlegger</name>
		<pose>Unspecified</pose>
		<truncated>0</truncated>
		<difficult>0</difficult>
		<occluded>0</occluded>
		<bndbox>
			<xmin>52</xmin>
			<xmax>391</xmax>
			<ymin>6</ymin>
			<ymax>188</ymax>
		</bndbox>
	</object>
</annotation>
