<annotation>
	<folder></folder>
	<filename>20220213_131045_jpg.rf.c105a80a3c8343bfc29a0a2c9a2c0265.jpg</filename>
	<path>20220213_131045_jpg.rf.c105a80a3c8343bfc29a0a2c9a2c0265.jpg</path>
	<source>
		<database>roboflow.ai</database>
	</source>
	<size>
		<width>416</width>
		<height>416</height>
		<depth>3</depth>
	</size>
	<segmented>0</segmented>
	<object>
		<name>Bootlegger</name>
		<pose>Unspecified</pose>
		<truncated>0</truncated>
		<difficult>0</difficult>
		<occluded>0</occluded>
		<bndbox>
			<xmin>17</xmin>
			<xmax>376</xmax>
			<ymin>53</ymin>
			<ymax>373</ymax>
		</bndbox>
	</object>
</annotation>
