<annotation>
	<folder></folder>
	<filename>20220213_110051_jpg.rf.73bee3d2340416a4d6d9d625da565357.jpg</filename>
	<path>20220213_110051_jpg.rf.73bee3d2340416a4d6d9d625da565357.jpg</path>
	<source>
		<database>roboflow.ai</database>
	</source>
	<size>
		<width>416</width>
		<height>416</height>
		<depth>3</depth>
	</size>
	<segmented>0</segmented>
	<object>
		<name>G-man</name>
		<pose>Unspecified</pose>
		<truncated>0</truncated>
		<difficult>0</difficult>
		<occluded>0</occluded>
		<bndbox>
			<xmin>85</xmin>
			<xmax>362</xmax>
			<ymin>234</ymin>
			<ymax>388</ymax>
		</bndbox>
	</object>
	<object>
		<name>Bootlegger</name>
		<pose>Unspecified</pose>
		<truncated>0</truncated>
		<difficult>0</difficult>
		<occluded>0</occluded>
		<bndbox>
			<xmin>96</xmin>
			<xmax>399</xmax>
			<ymin>2</ymin>
			<ymax>192</ymax>
		</bndbox>
	</object>
</annotation>
