<annotation>
	<folder></folder>
	<filename>20220213_134057_jpg.rf.e5ece06acbb075c2bdf3a05807b0116b.jpg</filename>
	<path>20220213_134057_jpg.rf.e5ece06acbb075c2bdf3a05807b0116b.jpg</path>
	<source>
		<database>roboflow.ai</database>
	</source>
	<size>
		<width>416</width>
		<height>416</height>
		<depth>3</depth>
	</size>
	<segmented>0</segmented>
	<object>
		<name>Bootlegger</name>
		<pose>Unspecified</pose>
		<truncated>0</truncated>
		<difficult>0</difficult>
		<occluded>0</occluded>
		<bndbox>
			<xmin>45</xmin>
			<xmax>326</xmax>
			<ymin>48</ymin>
			<ymax>213</ymax>
		</bndbox>
	</object>
	<object>
		<name>G-man</name>
		<pose>Unspecified</pose>
		<truncated>0</truncated>
		<difficult>0</difficult>
		<occluded>0</occluded>
		<bndbox>
			<xmin>69</xmin>
			<xmax>323</xmax>
			<ymin>270</ymin>
			<ymax>417</ymax>
		</bndbox>
	</object>
</annotation>
