<annotation>
	<folder></folder>
	<filename>20220213_131426_jpg.rf.2ad2502dfd004d35fb269b30a13582f6.jpg</filename>
	<path>20220213_131426_jpg.rf.2ad2502dfd004d35fb269b30a13582f6.jpg</path>
	<source>
		<database>roboflow.ai</database>
	</source>
	<size>
		<width>416</width>
		<height>416</height>
		<depth>3</depth>
	</size>
	<segmented>0</segmented>
	<object>
		<name>Bootlegger</name>
		<pose>Unspecified</pose>
		<truncated>0</truncated>
		<difficult>0</difficult>
		<occluded>0</occluded>
		<bndbox>
			<xmin>17</xmin>
			<xmax>404</xmax>
			<ymin>1</ymin>
			<ymax>212</ymax>
		</bndbox>
	</object>
	<object>
		<name>G-man</name>
		<pose>Unspecified</pose>
		<truncated>0</truncated>
		<difficult>0</difficult>
		<occluded>0</occluded>
		<bndbox>
			<xmin>58</xmin>
			<xmax>342</xmax>
			<ymin>261</ymin>
			<ymax>383</ymax>
		</bndbox>
	</object>
</annotation>
