<annotation>
	<folder></folder>
	<filename>20220213_131122_jpg.rf.decedd6136cc3a09dc8268ed609dee55.jpg</filename>
	<path>20220213_131122_jpg.rf.decedd6136cc3a09dc8268ed609dee55.jpg</path>
	<source>
		<database>roboflow.ai</database>
	</source>
	<size>
		<width>416</width>
		<height>416</height>
		<depth>3</depth>
	</size>
	<segmented>0</segmented>
	<object>
		<name>Bootlegger</name>
		<pose>Unspecified</pose>
		<truncated>0</truncated>
		<difficult>0</difficult>
		<occluded>0</occluded>
		<bndbox>
			<xmin>2</xmin>
			<xmax>184</xmax>
			<ymin>7</ymin>
			<ymax>301</ymax>
		</bndbox>
	</object>
	<object>
		<name>G-man</name>
		<pose>Unspecified</pose>
		<truncated>0</truncated>
		<difficult>0</difficult>
		<occluded>0</occluded>
		<bndbox>
			<xmin>246</xmin>
			<xmax>416</xmax>
			<ymin>19</ymin>
			<ymax>313</ymax>
		</bndbox>
	</object>
</annotation>
