<annotation>
	<folder></folder>
	<filename>20220213_131047_jpg.rf.c2588ac7fbced2e082c1f7021c0f51b9.jpg</filename>
	<path>20220213_131047_jpg.rf.c2588ac7fbced2e082c1f7021c0f51b9.jpg</path>
	<source>
		<database>roboflow.ai</database>
	</source>
	<size>
		<width>416</width>
		<height>416</height>
		<depth>3</depth>
	</size>
	<segmented>0</segmented>
	<object>
		<name>Bootlegger</name>
		<pose>Unspecified</pose>
		<truncated>0</truncated>
		<difficult>0</difficult>
		<occluded>0</occluded>
		<bndbox>
			<xmin>23</xmin>
			<xmax>289</xmax>
			<ymin>68</ymin>
			<ymax>372</ymax>
		</bndbox>
	</object>
</annotation>
