<annotation>
	<folder></folder>
	<filename>20220213_110333_jpg.rf.92e14e129da82b17cd426bec41cae10a.jpg</filename>
	<path>20220213_110333_jpg.rf.92e14e129da82b17cd426bec41cae10a.jpg</path>
	<source>
		<database>roboflow.ai</database>
	</source>
	<size>
		<width>416</width>
		<height>416</height>
		<depth>3</depth>
	</size>
	<segmented>0</segmented>
	<object>
		<name>G-man</name>
		<pose>Unspecified</pose>
		<truncated>0</truncated>
		<difficult>0</difficult>
		<occluded>0</occluded>
		<bndbox>
			<xmin>48</xmin>
			<xmax>360</xmax>
			<ymin>237</ymin>
			<ymax>400</ymax>
		</bndbox>
	</object>
	<object>
		<name>Bootlegger</name>
		<pose>Unspecified</pose>
		<truncated>0</truncated>
		<difficult>0</difficult>
		<occluded>0</occluded>
		<bndbox>
			<xmin>63</xmin>
			<xmax>376</xmax>
			<ymin>15</ymin>
			<ymax>183</ymax>
		</bndbox>
	</object>
</annotation>
