<annotation>
	<folder></folder>
	<filename>20220213_110032_jpg.rf.d4191caa730f091f021996bb3e29b430.jpg</filename>
	<path>20220213_110032_jpg.rf.d4191caa730f091f021996bb3e29b430.jpg</path>
	<source>
		<database>roboflow.ai</database>
	</source>
	<size>
		<width>416</width>
		<height>416</height>
		<depth>3</depth>
	</size>
	<segmented>0</segmented>
	<object>
		<name>G-man</name>
		<pose>Unspecified</pose>
		<truncated>0</truncated>
		<difficult>0</difficult>
		<occluded>0</occluded>
		<bndbox>
			<xmin>104</xmin>
			<xmax>387</xmax>
			<ymin>226</ymin>
			<ymax>377</ymax>
		</bndbox>
	</object>
	<object>
		<name>Bootlegger</name>
		<pose>Unspecified</pose>
		<truncated>0</truncated>
		<difficult>0</difficult>
		<occluded>0</occluded>
		<bndbox>
			<xmin>102</xmin>
			<xmax>400</xmax>
			<ymin>1</ymin>
			<ymax>177</ymax>
		</bndbox>
	</object>
</annotation>
