<annotation>
	<folder></folder>
	<filename>20220213_110255_jpg.rf.4084f905acf766b1856c31c39cdcbf92.jpg</filename>
	<path>20220213_110255_jpg.rf.4084f905acf766b1856c31c39cdcbf92.jpg</path>
	<source>
		<database>roboflow.ai</database>
	</source>
	<size>
		<width>416</width>
		<height>416</height>
		<depth>3</depth>
	</size>
	<segmented>0</segmented>
	<object>
		<name>Bootlegger</name>
		<pose>Unspecified</pose>
		<truncated>0</truncated>
		<difficult>0</difficult>
		<occluded>0</occluded>
		<bndbox>
			<xmin>279</xmin>
			<xmax>416</xmax>
			<ymin>95</ymin>
			<ymax>339</ymax>
		</bndbox>
	</object>
	<object>
		<name>G-man</name>
		<pose>Unspecified</pose>
		<truncated>0</truncated>
		<difficult>0</difficult>
		<occluded>0</occluded>
		<bndbox>
			<xmin>2</xmin>
			<xmax>206</xmax>
			<ymin>175</ymin>
			<ymax>375</ymax>
		</bndbox>
	</object>
</annotation>
