<annotation>
	<folder></folder>
	<filename>20220213_110036_jpg.rf.2564023010734df9fb9691891e6bcce4.jpg</filename>
	<path>20220213_110036_jpg.rf.2564023010734df9fb9691891e6bcce4.jpg</path>
	<source>
		<database>roboflow.ai</database>
	</source>
	<size>
		<width>416</width>
		<height>416</height>
		<depth>3</depth>
	</size>
	<segmented>0</segmented>
	<object>
		<name>Bootlegger</name>
		<pose>Unspecified</pose>
		<truncated>0</truncated>
		<difficult>0</difficult>
		<occluded>0</occluded>
		<bndbox>
			<xmin>71</xmin>
			<xmax>373</xmax>
			<ymin>41</ymin>
			<ymax>194</ymax>
		</bndbox>
	</object>
	<object>
		<name>G-man</name>
		<pose>Unspecified</pose>
		<truncated>0</truncated>
		<difficult>0</difficult>
		<occluded>0</occluded>
		<bndbox>
			<xmin>100</xmin>
			<xmax>359</xmax>
			<ymin>244</ymin>
			<ymax>372</ymax>
		</bndbox>
	</object>
</annotation>
