<annotation>
	<folder></folder>
	<filename>20220213_133832_jpg.rf.e6ad4b85d3a2eecc6d200e2f0322ef7e.jpg</filename>
	<path>20220213_133832_jpg.rf.e6ad4b85d3a2eecc6d200e2f0322ef7e.jpg</path>
	<source>
		<database>roboflow.ai</database>
	</source>
	<size>
		<width>416</width>
		<height>416</height>
		<depth>3</depth>
	</size>
	<segmented>0</segmented>
	<object>
		<name>G-man</name>
		<pose>Unspecified</pose>
		<truncated>0</truncated>
		<difficult>0</difficult>
		<occluded>0</occluded>
		<bndbox>
			<xmin>231</xmin>
			<xmax>352</xmax>
			<ymin>90</ymin>
			<ymax>316</ymax>
		</bndbox>
	</object>
	<object>
		<name>Bootlegger</name>
		<pose>Unspecified</pose>
		<truncated>0</truncated>
		<difficult>0</difficult>
		<occluded>0</occluded>
		<bndbox>
			<xmin>27</xmin>
			<xmax>205</xmax>
			<ymin>47</ymin>
			<ymax>219</ymax>
		</bndbox>
	</object>
</annotation>
