<annotation>
	<folder></folder>
	<filename>20220213_110054_jpg.rf.1dba6f0109a673fedef613176f4835aa.jpg</filename>
	<path>20220213_110054_jpg.rf.1dba6f0109a673fedef613176f4835aa.jpg</path>
	<source>
		<database>roboflow.ai</database>
	</source>
	<size>
		<width>416</width>
		<height>416</height>
		<depth>3</depth>
	</size>
	<segmented>0</segmented>
	<object>
		<name>Bootlegger</name>
		<pose>Unspecified</pose>
		<truncated>0</truncated>
		<difficult>0</difficult>
		<occluded>0</occluded>
		<bndbox>
			<xmin>121</xmin>
			<xmax>416</xmax>
			<ymin>16</ymin>
			<ymax>201</ymax>
		</bndbox>
	</object>
	<object>
		<name>G-man</name>
		<pose>Unspecified</pose>
		<truncated>0</truncated>
		<difficult>0</difficult>
		<occluded>0</occluded>
		<bndbox>
			<xmin>96</xmin>
			<xmax>368</xmax>
			<ymin>231</ymin>
			<ymax>382</ymax>
		</bndbox>
	</object>
</annotation>
