<annotation>
	<folder></folder>
	<filename>20220213_110257_jpg.rf.5918a66b5b5718741cd9eb96c4daba33.jpg</filename>
	<path>20220213_110257_jpg.rf.5918a66b5b5718741cd9eb96c4daba33.jpg</path>
	<source>
		<database>roboflow.ai</database>
	</source>
	<size>
		<width>416</width>
		<height>416</height>
		<depth>3</depth>
	</size>
	<segmented>0</segmented>
	<object>
		<name>G-man</name>
		<pose>Unspecified</pose>
		<truncated>0</truncated>
		<difficult>0</difficult>
		<occluded>0</occluded>
		<bndbox>
			<xmin>9</xmin>
			<xmax>177</xmax>
			<ymin>171</ymin>
			<ymax>359</ymax>
		</bndbox>
	</object>
	<object>
		<name>Bootlegger</name>
		<pose>Unspecified</pose>
		<truncated>0</truncated>
		<difficult>0</difficult>
		<occluded>0</occluded>
		<bndbox>
			<xmin>243</xmin>
			<xmax>416</xmax>
			<ymin>169</ymin>
			<ymax>367</ymax>
		</bndbox>
	</object>
</annotation>
