<annotation>
	<folder></folder>
	<filename>20220213_131045-0-_jpg.rf.544d809e7a34830341ad15c3f678616e.jpg</filename>
	<path>20220213_131045-0-_jpg.rf.544d809e7a34830341ad15c3f678616e.jpg</path>
	<source>
		<database>roboflow.ai</database>
	</source>
	<size>
		<width>416</width>
		<height>416</height>
		<depth>3</depth>
	</size>
	<segmented>0</segmented>
	<object>
		<name>Bootlegger</name>
		<pose>Unspecified</pose>
		<truncated>0</truncated>
		<difficult>0</difficult>
		<occluded>0</occluded>
		<bndbox>
			<xmin>24</xmin>
			<xmax>397</xmax>
			<ymin>53</ymin>
			<ymax>361</ymax>
		</bndbox>
	</object>
</annotation>
