<annotation>
	<folder></folder>
	<filename>20220213_131415_jpg.rf.5947f4846c52221a8a91256d56d1f065.jpg</filename>
	<path>20220213_131415_jpg.rf.5947f4846c52221a8a91256d56d1f065.jpg</path>
	<source>
		<database>roboflow.ai</database>
	</source>
	<size>
		<width>416</width>
		<height>416</height>
		<depth>3</depth>
	</size>
	<segmented>0</segmented>
	<object>
		<name>G-man</name>
		<pose>Unspecified</pose>
		<truncated>0</truncated>
		<difficult>0</difficult>
		<occluded>0</occluded>
		<bndbox>
			<xmin>68</xmin>
			<xmax>391</xmax>
			<ymin>225</ymin>
			<ymax>388</ymax>
		</bndbox>
	</object>
	<object>
		<name>Bootlegger</name>
		<pose>Unspecified</pose>
		<truncated>0</truncated>
		<difficult>0</difficult>
		<occluded>0</occluded>
		<bndbox>
			<xmin>61</xmin>
			<xmax>393</xmax>
			<ymin>1</ymin>
			<ymax>162</ymax>
		</bndbox>
	</object>
</annotation>
