<annotation>
	<folder></folder>
	<filename>20220213_131428_jpg.rf.872aa1472a17515283d3f2eeaec20efb.jpg</filename>
	<path>20220213_131428_jpg.rf.872aa1472a17515283d3f2eeaec20efb.jpg</path>
	<source>
		<database>roboflow.ai</database>
	</source>
	<size>
		<width>416</width>
		<height>416</height>
		<depth>3</depth>
	</size>
	<segmented>0</segmented>
	<object>
		<name>G-man</name>
		<pose>Unspecified</pose>
		<truncated>0</truncated>
		<difficult>0</difficult>
		<occluded>0</occluded>
		<bndbox>
			<xmin>84</xmin>
			<xmax>358</xmax>
			<ymin>51</ymin>
			<ymax>159</ymax>
		</bndbox>
	</object>
	<object>
		<name>Bootlegger</name>
		<pose>Unspecified</pose>
		<truncated>0</truncated>
		<difficult>0</difficult>
		<occluded>0</occluded>
		<bndbox>
			<xmin>10</xmin>
			<xmax>416</xmax>
			<ymin>205</ymin>
			<ymax>416</ymax>
		</bndbox>
	</object>
</annotation>
