<annotation>
	<folder></folder>
	<filename>20220213_110052_jpg.rf.c0d465133e84754061e5da796939ef53.jpg</filename>
	<path>20220213_110052_jpg.rf.c0d465133e84754061e5da796939ef53.jpg</path>
	<source>
		<database>roboflow.ai</database>
	</source>
	<size>
		<width>416</width>
		<height>416</height>
		<depth>3</depth>
	</size>
	<segmented>0</segmented>
	<object>
		<name>G-man</name>
		<pose>Unspecified</pose>
		<truncated>0</truncated>
		<difficult>0</difficult>
		<occluded>0</occluded>
		<bndbox>
			<xmin>86</xmin>
			<xmax>357</xmax>
			<ymin>236</ymin>
			<ymax>384</ymax>
		</bndbox>
	</object>
	<object>
		<name>Bootlegger</name>
		<pose>Unspecified</pose>
		<truncated>0</truncated>
		<difficult>0</difficult>
		<occluded>0</occluded>
		<bndbox>
			<xmin>102</xmin>
			<xmax>378</xmax>
			<ymin>10</ymin>
			<ymax>198</ymax>
		</bndbox>
	</object>
</annotation>
