<annotation>
	<folder></folder>
	<filename>20220213_131043_jpg.rf.3b4bb3d4829b6c3e799bff52bc427de4.jpg</filename>
	<path>20220213_131043_jpg.rf.3b4bb3d4829b6c3e799bff52bc427de4.jpg</path>
	<source>
		<database>roboflow.ai</database>
	</source>
	<size>
		<width>416</width>
		<height>416</height>
		<depth>3</depth>
	</size>
	<segmented>0</segmented>
	<object>
		<name>Bootlegger</name>
		<pose>Unspecified</pose>
		<truncated>0</truncated>
		<difficult>0</difficult>
		<occluded>0</occluded>
		<bndbox>
			<xmin>18</xmin>
			<xmax>353</xmax>
			<ymin>42</ymin>
			<ymax>362</ymax>
		</bndbox>
	</object>
</annotation>
