<annotation>
	<folder></folder>
	<filename>20220213_110029_jpg.rf.2706af4be6ef90e79c6db83651c58945.jpg</filename>
	<path>20220213_110029_jpg.rf.2706af4be6ef90e79c6db83651c58945.jpg</path>
	<source>
		<database>roboflow.ai</database>
	</source>
	<size>
		<width>416</width>
		<height>416</height>
		<depth>3</depth>
	</size>
	<segmented>0</segmented>
	<object>
		<name>Bootlegger</name>
		<pose>Unspecified</pose>
		<truncated>0</truncated>
		<difficult>0</difficult>
		<occluded>0</occluded>
		<bndbox>
			<xmin>85</xmin>
			<xmax>395</xmax>
			<ymin>30</ymin>
			<ymax>183</ymax>
		</bndbox>
	</object>
	<object>
		<name>G-man</name>
		<pose>Unspecified</pose>
		<truncated>0</truncated>
		<difficult>0</difficult>
		<occluded>0</occluded>
		<bndbox>
			<xmin>93</xmin>
			<xmax>403</xmax>
			<ymin>241</ymin>
			<ymax>407</ymax>
		</bndbox>
	</object>
</annotation>
