<annotation>
	<folder></folder>
	<filename>20220213_130916-0-_jpg.rf.87c6040f1857363e8d2169a290c43afd.jpg</filename>
	<path>20220213_130916-0-_jpg.rf.87c6040f1857363e8d2169a290c43afd.jpg</path>
	<source>
		<database>roboflow.ai</database>
	</source>
	<size>
		<width>416</width>
		<height>416</height>
		<depth>3</depth>
	</size>
	<segmented>0</segmented>
	<object>
		<name>Bootlegger</name>
		<pose>Unspecified</pose>
		<truncated>0</truncated>
		<difficult>0</difficult>
		<occluded>0</occluded>
		<bndbox>
			<xmin>96</xmin>
			<xmax>406</xmax>
			<ymin>29</ymin>
			<ymax>200</ymax>
		</bndbox>
	</object>
	<object>
		<name>G-man</name>
		<pose>Unspecified</pose>
		<truncated>0</truncated>
		<difficult>0</difficult>
		<occluded>0</occluded>
		<bndbox>
			<xmin>85</xmin>
			<xmax>373</xmax>
			<ymin>245</ymin>
			<ymax>399</ymax>
		</bndbox>
	</object>
</annotation>
