<annotation>
	<folder></folder>
	<filename>20220213_133109_jpg.rf.a80cc75546b635064cb53f70cbdc5683.jpg</filename>
	<path>20220213_133109_jpg.rf.a80cc75546b635064cb53f70cbdc5683.jpg</path>
	<source>
		<database>roboflow.ai</database>
	</source>
	<size>
		<width>416</width>
		<height>416</height>
		<depth>3</depth>
	</size>
	<segmented>0</segmented>
	<object>
		<name>G-man</name>
		<pose>Unspecified</pose>
		<truncated>0</truncated>
		<difficult>0</difficult>
		<occluded>0</occluded>
		<bndbox>
			<xmin>167</xmin>
			<xmax>416</xmax>
			<ymin>2</ymin>
			<ymax>416</ymax>
		</bndbox>
	</object>
</annotation>
